"","lon","lat"
"1",-78.898619,35.9940329
"2",-73.7948516,40.7282239
"3",-121.8863286,37.3382082
"4",-95.3698028,29.7604267
"5",-72.8069247,41.2788808
"6",-73.9701381,40.8509333
"7",-1.470085,53.381129
"8",-73.567256,45.5016889
"9",-78.8866943,33.6890603
"10",-106.346771,56.130366
"11",-76.6412712,39.0457549
"12",-70.8226541,43.9653889
"13",-80.8431267,35.2270869
"14",-80.4549026,38.5976262
"15",-72.039167,45.167873
"16",-77.0947092,38.984652
"17",-94.6858998,46.729553
"18",-86.4283279,39.4278253
"19",-81.398696,30.3344077
"20",-80.9928068,37.7102092
"21",-111.8507662,40.3916172
"22",-85.7584557,38.2526647
"23",-90.5776367,41.5236437
"24",-95.712891,37.09024
"25",-85.7584557,38.2526647
"26",-118.3812562,33.8798386
"27",-95.712891,37.09024
"28",-118.0647871,33.8583483
"29",-94.2557663,35.2156489
"30",-74.4056612,40.0583238
"31",-84.4277001,33.6407282
"32",-77.1945247,41.2033216
"33",-82.4571776,27.950575
"34",-79.3831843,43.653226
"35",-119.4179324,36.778261
"36",-92.4421011,35.0886963
"37",-122.6587185,45.5122308
"38",-76.6121893,39.2903848
"39",-74.0120814,40.2023354
"40",-119.4179324,36.778261
"41",NA,NA
"42",-79.9958864,40.4406248
"43",-89.4012302,43.0730517
"44",-73.1241488,40.8064187
"45",-74.0059728,40.7127753
"46",-97.4394777,35.2225668
"47",-75.1652215,39.9525839
"48",-116.419389,38.8026097
"49",-119.2945199,34.2804923
"50",-71.0588801,42.3600825
"51",-74.4056612,40.0583238
"52",-86.5804473,35.5174913
"53",-91.9623327,30.9842977
"54",-95.3698028,29.7604267
"55",-87.6297982,41.8781136
"56",-81.5157535,27.6648274
"57",-87.896646,42.9475534
"58",-115.1398296,36.1699412
"59",-84.3879824,33.7489954
"60",-70.162651,18.735693
"61",-118.2436849,34.0522342
"62",-84.3879824,33.7489954
"63",-105.2705456,40.0149856
"64",-111.8910474,40.7607793
"65",-98.4936282,29.4241219
"66",4.469936,50.503887
"67",-82.5514869,35.5950581
"68",-80.085059,42.1292241
"69",-78.6568942,37.4315734
"70",-77.2538699,38.9987208
"71",-91.8318334,35.20105
"72",-122.6587185,45.5122308
"73",-77.3663538,35.612661
"74",-76.6121893,39.2903848
"75",-95.9749076,36.7507859
"76",-83.9207392,35.9606384
"77",-77.0368707,38.9071923
"78",-118.2436849,34.0522342
"79",-74.0059728,40.7127753
"80",-81.5190053,41.0814447
"81",-106.346771,56.130366
"82",-122.3455263,37.9621457
"83",-123.2620435,44.5645659
"84",-122.6587185,45.5122308
"85",-83.6860109,36.0631414
"86",-82.6501332,34.5034394
"87",-79.9958864,40.4406248
"88",-74.0059728,40.7127753
"89",-95.712891,37.09024
"90",-89.5487126,39.954216
"91",-71.3824374,42.4072107
"92",-77.026088,38.9906657
"93",-87.9064736,43.0389025
"94",-92.637927,32.5232053
"95",-79.3831843,43.653226
"96",-87.6297982,41.8781136
"97",-118.2436849,34.0522342
"98",-76.1474244,43.0481221
"99",-111.9738304,41.223
"100",-81.5157535,27.6648274
"101",-78.8783689,42.8864468
"102",-77.4752667,38.7509488
"103",-85.6591442,40.5583739
"104",-7.6920536,53.1423672
"105",-119.8138027,39.5296329
"106",25.7481511,61.92411
"107",8.468946,60.472024
"108",-118.2436849,34.0522342
"109",-97.7625441,35.5067215
"110",-97.504492,37.5027959
"111",-71.3824374,42.4072107
"112",-120.5542012,43.8041334
"113",-86.158068,39.768403
"114",-73.9441579,40.6781784
"115",-81.6943605,41.49932
"116",-76.6246886,39.1626084
"117",-97.330053,37.6871761
"118",-81.7831674,32.4487876
"119",-73.9441579,40.6781784
"120",-117.4260465,47.6587802
"121",-3.4953504,51.0854991
"122",-71.1367953,42.6583356
"123",-80.5204096,43.4642578
"124",-95.2773601,29.6453103
"125",-77.1188678,39.0445535
"126",-76.6412712,39.0457549
"127",-81.3792365,28.5383355
"128",-80.9473146,35.2144026
"129",-81.3656242,28.6611089
"130",-64.7505,32.3078
"131",-83.0457538,42.331427
"132",-122.4194155,37.7749295
"133",-99.9018131,31.9685988
"134",-122.3320708,47.6062095
"135",-97.7430608,30.267153
"136",-95.3698028,29.7604267
"137",-78.0399994,39.3578781
"138",-85.7584557,38.2526647
"139",-86.7816016,36.1626638
"140",-94.5785667,39.0997265
"141",-96.7983877,44.3113573
"142",-122.0402399,37.5296593
"143",-98.4881123,29.4239986
"144",-115.1398296,36.1699412
"145",-73.6104058,40.7526008
"146",-73.9441579,40.6781784
"147",-84.8732835,38.2009055
"148",-93.2922989,37.2089572
"149",-0.9781303,51.4542645
"150",-90.4151301,41.5122561
"151",-80.085059,42.1292241
"152",-86.5804473,35.5174913
"153",-97.738194,30.2665401
"154",-114.0708459,51.0486151
"155",-95.2860474,29.5635666
"156",-85.323214,51.253775
"157",-77.8997175,38.4431826
"158",-79.3831843,43.653226
"159",-88.7878678,43.7844397
"160",-72.5778415,44.5588028
"161",-94.6858998,46.729553
"162",-121.2357828,38.7907339
"163",-119.4179324,36.778261
"164",-122.2711137,37.8043637
"165",-82.907123,40.4172871
"166",-76.4730122,37.0870821
"167",-81.5157535,27.6648274
"168",-82.9824019,39.3331197
"169",-89.3985283,32.3546679
"170",-115.1745559,36.1023715
"171",-112.0740373,33.4483771
"172",-76.3452218,37.0298687
"173",-90.5925907,33.3537315
"174",-72.5778415,44.5588028
"175",-95.3010624,32.3512601
"176",-82.907123,40.4172871
"177",-74.0059728,40.7127753
"178",-84.5613355,39.3995008
"179",-74.0059728,40.7127753
"180",-111.8910474,40.7607793
"181",-96.7969879,32.7766642
"182",-118.1597911,33.8894598
"183",-79.3831843,43.653226
"184",-71.8022934,42.2625932
"185",-90.1994042,38.6270025
"186",-80.8431267,35.2270869
"187",-122.2015159,47.6101497
"188",-85.6023643,44.3148443
"189",-87.5710898,37.9715592
"190",-78.6381787,35.7795897
"191",-89.3985283,32.3546679
"192",-120.5542012,43.8041334
"193",-104.990251,39.7392358
"194",-70.8226541,43.9653889
"195",-82.1910378,42.4048028
"196",-95.5577221,29.6160671
"197",-105.2551187,54.5259614
"198",-74.0059728,40.7127753
"199",-75.0264294,39.9019489
"200",-92.1425898,30.229236
"201",-115.1466648,36.0971945
"202",-94.5785667,39.0997265
"203",-106.7636538,32.3199396
"204",-70.8635506,43.2683199
"205",-76.2858726,36.8507689
"206",-117.1610838,32.715738
"207",-75.7496572,39.6837226
"208",-75.1652215,39.9525839
"209",-68.6719411,44.8831125
"210",-122.1817252,37.4529598
"211",-87.6297982,41.8781136
"212",-121.4943996,38.5815719
"213",-99.5075519,27.5035613
"214",-104.6091409,38.2544472
"215",-79.9958864,40.4406248
"216",-81.4503924,41.6539359
"217",-95.0854885,30.34132
"218",-74.0059728,40.7127753
"219",-97.092877,35.0077519
"220",-83.5378674,41.6528052
"221",-82.9987942,39.9611755
"222",-77.0469214,38.8048355
"223",-84.2984889,30.4418778
"224",-79.0192997,35.7595731
"225",-83.170834,42.64707
"226",-118.3617443,34.0900091
"227",-77.4105409,39.4142688
"228",-97.1430671,32.844017
"229",-81.655651,30.3321838
"230",-77.0368707,38.9071923
"231",-74.0059728,40.7127753
"232",-81.6747185,41.5024973
"233",-78.4766781,38.0293059
"234",-86.3077368,32.3792233
"235",-87.8211854,42.5847425
"236",-78.7440921,42.7675323
"237",-82.0205321,37.9183745
"238",-91.8318334,37.9642529
"239",-86.1349019,40.2671941
"240",-91.1871466,30.4514677
"241",-99.9018131,31.9685988
"242",-88.7878678,43.7844397
"243",-91.8318334,37.9642529
"244",9.501785,56.26392
"245",-94.846681,39.7674578
"246",-84.028866,39.7311264
"247",-79.9719831,35.914581
"248",-79.1422464,37.4137536
"249",-77.0368707,38.9071923
"250",-73.087749,41.6032207
"251",-112.0740373,33.4483771
"252",-94.591352,38.9992733
"253",-90.3718673,40.9418892
"254",-79.0192997,35.7595731
"255",-94.9027002,29.383845
"256",-74.0059728,40.7127753
"257",-83.6082346,42.5149364
"258",-75.0637746,42.4528571
"259",-73.7948516,40.7282239
"260",-79.9558968,39.629526
"261",-120.8958242,38.8375215
"262",-94.5785667,39.0997265
"263",-80.794252,34.1709826
"264",-79.9414266,37.2709704
"265",-93.2650108,44.977753
"266",NA,NA
"267",-79.0558445,35.9131996
"268",-116.2023137,43.6150186
"269",-85.6023643,44.3148443
"270",-82.907123,40.4172871
"271",-90.1994042,38.6270025
"272",-122.4194155,37.7749295
"273",-120.7401385,47.7510741
"274",-111.0429339,45.6769979
"275",-77.297508,18.109581
"276",-94.0138393,41.3308237
"277",-78.7989124,38.6131746
"278",-88.0624894,42.4806426
"279",-70.8226541,43.9653889
"280",-85.1646726,34.257038
"281",-74.0059728,40.7127753
"282",-94.0476882,33.425125
"283",-94.6267873,39.1155314
"284",-102.0779146,31.9973456
"285",-86.158068,39.768403
"286",-83.2320991,33.0801429
"287",-75.5276699,38.9108325
"288",-84.5037164,38.0405837
"289",-86.1336033,40.486427
"290",-101.0020119,47.5514926
"291",-79.2902133,43.0581645
"292",-98.8138762,53.7608608
"293",-91.9623327,30.9842977
"294",-75.5276699,38.9108325
"295",-75.1652215,39.9525839
"296",-105.084423,40.5852602
"297",-89.3985283,40.6331249
"298",-74.0059728,40.7127753
"299",-85.0269014,35.9489566
"300",-111.0937311,39.3209801
"301",-122.6048473,45.3363593
"302",-80.1917902,25.7616798
"303",-81.150923,36.6223478
"304",-82.9000751,32.1656221
"305",-122.272747,37.8715926
"306",-111.7699379,41.2607744
"307",-85.8891471,39.7219882
"308",-84.5120196,39.1031182
"309",-88.0683955,41.6986416
"310",-95.8830881,36.063095
"311",-87.3594528,36.5297706
"312",-90.0367512,32.6126381
"313",-87.6876969,42.0450722
"314",-86.8103567,33.5185892
"315",-80.2213477,40.5169767
"316",-73.9594438,40.7144279
"317",-84.2700179,37.8393332
"318",-102.4040252,21.0297575
"319",-119.6981901,34.4208305
"320",-86.0549863,39.4806055
"321",-71.4774291,41.5800945
"322",-72.9278835,41.308274
"323",-87.6297982,41.8781136
"324",-83.0457538,42.331427
"325",-77.32349,25.084653
"326",-70.8967155,42.51954
"327",-98.6577985,29.2263504
"328",NA,NA
"329",-81.3961338,30.2841224
"330",-71.0588801,42.3600825
"331",-95.7243335,37.2321077
"332",-77.1945247,41.2033216
"333",NA,NA
"334",-121.4943996,38.5815719
"335",-122.3320708,47.6062095
"336",-71.5723953,43.1938516
"337",-97.1383744,49.895136
"338",-95.7243335,37.2321077
"339",-97.9136112,26.1497977
"340",-79.0867579,43.8384117
"341",-81.4914894,31.1499528
"342",-73.9441579,40.6781784
"343",-79.0192997,35.7595731
"344",-82.9000751,32.1656221
"345",-74.0059728,40.7127753
"346",-94.3413168,34.0378916
"347",-88.0118473,41.7435073
"348",-4.6679959,55.3649698
"349",-76.1874279,40.0876218
"350",-91.0515256,39.4489351
"351",-73.9712488,40.7830603
"352",-79.9310512,32.7764749
"353",-90.065918,25.304304
"354",-88.7033859,34.2576066
"355",-73.9393554,40.8417082
"356",-117.9143012,33.8365932
"357",-115.1398296,36.1699412
"358",-89.0928155,30.3674198
"359",-80.365865,26.190096
"360",-72.479037,41.8186802
"361",-75.0849058,38.3365032
"362",-81.6943605,41.49932
"363",-77.4360481,37.5407246
"364",-85.323214,51.253775
"365",-76.4921829,38.9784453
"366",-105.8700901,34.5199402
"367",-90.1994042,38.6270025
"368",-92.4012654,34.3070406
"369",-93.34387,44.983624
"370",-84.2940899,34.0753762
"371",-73.5387341,41.0534302
"372",-86.5861037,34.7303688
"373",-122.3371809,48.4370202
"374",-79.3831843,43.653226
"375",-96.7025955,40.813616
"376",-86.250822,39.792738
"377",-77.0909809,38.8816208
"378",-88.0017261,41.673642
"379",-85.0588575,41.3669942
"380",-96.7969879,32.7766642
"381",-111.0937311,34.0489281
"382",-75.232664,43.100903
"383",-81.0348144,34.0007104
"384",-111.8412502,33.3061605
"385",-97.3702735,30.3496528
"386",-96.6397822,33.1972465
"387",-73.3217861,40.7164881
"388",-78.4979248,42.8844925
"389",-97.647498,29.6805066
"390",-75.9677001,42.3289625
"391",-118.8820414,34.285558
"392",-87.0611412,41.4730948
"393",-89.8906765,42.0133599
"394",0.182383,51.5244066
"395",-73.6331102,45.6929818
"396",-72.5441445,42.0027181
"397",-91.1564961,30.6485191
"398",-83.9293952,42.6072552
"399",-84.2700179,37.8393332
"400",-96.3908552,35.8311561
"401",-91.8318334,37.9642529
"402",-75.2176892,38.3226153
"403",-95.992775,36.1539816
"404",-93.4729712,37.0303327
"405",-73.833079,40.7674987
"406",-77.6666415,36.1809865
"407",-90.2290098,39.733936
"408",-86.6694413,35.9522852
"409",-82.9702266,38.8745707
"410",-84.4113366,39.8367207
"411",-86.5263857,39.165325
"412",-118.1331593,33.9401088
"413",-80.1289321,26.3683064
"414",-83.7430378,42.2808256
"415",-71.4547891,42.9956397
"416",-77.8600012,40.7933949
"417",-108.280326,32.770075
"418",-81.6326234,38.3498195
"419",-117.3754942,33.9806005
"420",-73.7562317,42.6525793
"421",-97.1330683,33.2148412
"422",-86.5804473,35.5174913
"423",-74.2286435,40.7263249
"424",-95.3698028,29.7604267
"425",-77.6088465,43.1565779
"426",-85.5166864,42.7891985
"427",-84.4013462,42.245869
"428",-73.134961,40.789142
"429",35.862285,33.854721
"430",-88.4153847,44.2619309
"431",-81.378447,40.7989473
"432",-105.7820674,39.5500507
"433",-89.7576021,40.9297591
"434",-85.3096801,35.0456297
"435",-93.0081479,45.0853814
"436",-70.2962408,41.6687897
"437",-83.5378674,41.6528052
"438",-111.9400054,33.4255104
"439",-105.2551187,54.5259614
"440",-93.7501789,32.5251516
"441",-79.289749,37.3637534
"442",-3.530875,50.7155591
"443",1.2391761,52.6219215
"444",-99.9018131,31.9685988
"445",-73.657908,40.5884373
"446",-114.7420408,44.0682019
"447",-116.977248,33.9294606
"448",-73.134961,40.789142
"449",-74.2179326,43.2994285
"450",-71.4128343,41.8239891
"451",-82.5329377,39.1234054
"452",-82.9987942,39.9611755
"453",-87.6297982,41.8781136
"454",-77.0368707,38.9071923
"455",-99.9018131,31.9685988
"456",-91.5548998,41.6626963
"457",-96.3344068,30.627977
"458",-85.7584557,38.2526647
"459",-91.9623327,30.9842977
"460",-2.13125,49.214439
"461",-77.5049863,37.3770935
"462",-110.9747108,32.2226066
"463",-80.6495194,41.0997803
"464",-76.8966397,38.9340002
"465",-83.653224,31.7060134
"466",-77.4605399,38.3031837
"467",-95.712891,37.09024
"468",-61.370976,15.414999
"469",-88.2220372,43.1338972
"470",-122.4194155,37.7749295
"471",-81.6943605,41.49932
"472",-97.0821162,32.710112
"473",-82.5618186,36.548434
"474",-93.097702,41.8780025
"475",-118.781482,34.2694474
"476",-97.0328547,47.9252568
"477",-77.4291298,39.0066993
"478",-85.323214,51.253775
"479",-82.1273312,34.9481741
"480",-85.615517,38.345068
"481",-86.1655473,35.7397918
"482",-96.7969879,32.7766642
"483",-84.5085536,39.0836712
"484",-118.2436849,34.0522342
"485",-105.0813734,39.7047095
"486",-95.6516284,37.0500432
"487",-90.07517,29.957861
"488",-73.963421,40.677064
"489",-90.0715323,29.9510658
"490",-97.3307658,32.7554883
"491",-81.4644812,28.4538786
"492",-85.6023643,44.3148443
"493",-86.2721049,41.5438683
"494",-77.0368707,38.9071923
"495",-96.7969879,32.7766642
"496",-96.9488945,32.8140177
"497",-93.6249593,41.5868353
"498",-77.1764149,38.7636242
"499",-108.5506486,39.0638705
"500",-83.357567,33.9519347
"501",-85.8054879,30.1765914
"502",-79.3831843,43.653226
"503",-86.4544428,36.9838809
"504",-80.7797935,37.0478982
"505",-107.9928455,36.8222261
"506",-77.2497049,38.6581722
"507",-77.1945247,41.2033216
"508",-74.0298767,40.6263732
"509",-90.5931819,37.8672729
"510",-80.973977,34.2143159
"511",-95.716216,37.2266829
"512",-74.271992,40.7299793
"513",-84.7756364,43.5819086
"514",-91.8318334,37.9642529
"515",-75.3704579,40.6259316
"516",-73.6329041,45.5419989
"517",-82.907123,40.4172871
"518",-82.0037608,28.927019
"519",-95.9345034,41.2565369
"520",-83.7430378,42.2808256
"521",-74.2179326,43.2994285
"522",-111.8910474,40.7607793
"523",-84.0199108,33.857328
"524",-92.2382464,46.8068852
"525",-122.5950942,45.5897694
"526",-88.3161965,42.2411344
"527",-73.8593194,40.8902375
"528",-75.5483909,39.744655
"529",33.429859,35.126413
"530",-3.3821421,51.6858341
"531",-71.1097335,42.3736158
"532",-79.1096901,40.6850762
"533",-93.7121656,41.6266555
"534",0.4690888,51.7343313
"535",-73.212072,44.4758825
"536",-76.8867008,40.2731911
"537",-85.6023643,44.3148443
"538",-82.907123,40.4172871
"539",-93.7501789,32.5251516
"540",-84.2700179,37.8393332
"541",-91.20677,29.6993748
"542",-93.7501789,32.5251516
"543",-118.542586,34.3916641
"544",-97.1650128,33.4881671
"545",-87.0352831,35.6150716
"546",18.643501,60.128161
"547",-94.6010623,36.4079508
"548",-87.6746938,37.9582437
"549",-78.8261499,43.3097775
"550",-79.6441198,43.5890452
"551",-79.7624177,43.7315479
"552",-95.7243335,37.2321077
"553",-86.0085955,40.0455917
"554",-89.4012302,43.0730517
"555",-90.1994042,38.6270025
"556",-96.3699632,30.6743643
"557",-81.5157535,27.6648274
"558",-73.7845768,41.0050977
"559",-93.8156689,41.8779511
"560",-81.5157535,27.6648274
"561",-81.4498717,37.2232316
"562",-75.6971931,45.4215296
"563",-97.092877,35.0077519
"564",-74.2958532,40.9681661
"565",-87.9959191,42.9405711
"566",-103.3343978,34.1861922
"567",-104.9739333,39.5480789
"568",-79.2610836,43.824922
"569",-112.0740373,33.4483771
"570",-82.3182178,40.8686675
"571",-73.6742323,40.7422572
"572",-91.5968958,42.033279
"573",-84.3982763,39.5150576
"574",-95.7150582,37.0901287
"575",-97.5164276,35.4675602
"576",-99.9018131,31.9685988
"577",-88.0132958,44.5133188
"578",-101.8551665,33.5778631
"579",-76.93776,38.9896967
"580",-75.1652215,39.9525839
"581",-105.084423,40.5852602
"582",-73.9663536,40.7128324
"583",-90.1848103,32.2987573
"584",-74.1854209,40.8067546
"585",-89.9248303,41.2455927
"586",-77.682745,43.151063
"587",-81.084811,36.9484528
"588",-94.6554874,31.6035129
"589",-90.1887379,41.8444735
"590",133.775136,-25.274398
"591",-95.712891,37.09024
"592",-97.4253185,35.878937
"593",-99.9018131,41.4925374
"594",-82.9000751,32.1656221
"595",14.375416,35.937496
"596",-90.0489801,35.1495343
"597",-79.3922539,35.1740471
"598",-108.5006904,45.7832856
"599",-76.6412712,39.0457549
"600",-76.8893907,39.4877635
"601",-82.3940104,34.8526176
"602",4.469936,50.503887
"603",-122.6587185,45.5122308
"604",-115.1175013,36.1988592
"605",-120.5058987,46.6020711
"606",-0.1601246,52.9451889
"607",-93.8457255,30.0207678
"608",-97.4780954,35.6528323
"609",-77.4360481,37.5407246
"610",-4.2026458,56.4906712
"611",-99.9018131,31.9685988
"612",-109.7869527,44.2642998
"613",-90.1994042,38.6270025
"614",-117.867653,33.7454725
"615",-81.1637245,33.836081
"616",-95.712891,37.09024
"617",-97.3000748,37.6860975
"618",-79.5394625,43.8430176
"619",NA,NA
"620",-84.6154897,34.0234337
"621",-122.6366524,38.232417
"622",-82.0906448,26.9761707
"623",-95.7065612,37.2372279
"624",-97.396381,27.8005828
"625",-4.2026458,56.4906712
"626",-119.1770516,34.1975048
"627",-118.3617443,34.0900091
"628",-72.6078672,42.1487043
"629",-122.6587185,45.5122308
"630",-116.5452921,33.8302961
"631",133.775136,-25.274398
"632",-82.907123,40.4172871
"633",NA,NA
"634",-88.8442674,42.2639098
"635",-102.37796,33.5873164
"636",-87.6297982,41.8781136
"637",-122.4110835,37.6304904
"638",-87.8042216,41.7500323
"639",-94.5785667,39.0997265
"640",-99.9018131,31.9685988
"641",-122.9006951,47.0378741
"642",-93.097702,41.8780025
"643",-97.342782,31.0982344
"644",-122.3050101,47.6416763
"645",-118.1937395,33.7700504
"646",-97.330053,37.6871761
"647",-88.1535352,41.7508391
"648",NA,NA
"649",-81.9498042,28.0394654
"650",-76.3452218,37.0298687
"651",-122.788377,45.4604
"652",-97.1466695,31.549333
"653",-73.8912481,41.2084278
"654",-122.3706837,48.2410895
"655",-97.4867028,35.3395079
"656",-116.419389,34.9592083
"657",-73.8370786,40.9125992
"658",-73.567256,45.5016889
"659",-95.712891,37.09024
"660",-98.4933873,33.9137085
"661",-95.0621512,29.9118885
"662",-122.5950942,45.5897694
"663",-93.4665731,35.4714724
"664",-85.6680863,42.9633599
"665",-95.712891,37.09024
"666",-77.0952516,43.0467301
"667",-122.0575434,37.387474
"668",-95.712891,37.09024
"669",-78.6969831,43.0183126
"670",-115.1398296,36.1699412
"671",-122.1430195,37.4418834
"672",-91.6656232,41.9778795
"673",-98.1633432,26.3017374
"674",-91.9623327,30.9842977
"675",-72.66898,42.266757
"676",-122.1430195,37.4418834
"677",-87.8003437,42.1816918
"678",-85.6680863,42.9633599
"679",-75.1274003,41.0431501
"680",-85.7584557,38.2526647
"681",-91.8318334,37.9642529
"682",-88.7503647,41.9294736
"683",NA,NA
"684",-87.5710898,37.9715592
"685",-118.2436849,34.0522342
"686",-94.6858998,46.729553
"687",-120.7401385,47.7510741
"688",-120.8465941,37.4946568
"689",-78.4766781,38.0293059
"690",-90.1994042,38.6270025
"691",-77.7905339,35.9382103
"692",-84.155741,31.5785074
"693",-86.2483921,43.2341813
"694",-121.1260287,36.2127439
"695",-97.2411054,37.7235157
"696",-72.9492703,41.6717648
"697",-96.7969879,32.7766642
"698",-117.0841955,32.6400541
"699",-104.9269614,37.8348085
"700",-88.5667036,34.6581596
"701",-84.7530304,42.243097
"702",-87.0396881,30.6324149
"703",-83.9787808,30.8365815
"704",-86.9211946,40.4237054
"705",-87.4082349,39.4711089
"706",-95.2352501,38.9716689
"707",-75.1652215,39.9525839
"708",-92.4453161,42.5348993
"709",-111.8910474,40.7607793
"710",-93.0899578,44.9537029
"711",-97.5164276,35.4675602
"712",-95.2091006,29.6910625
"713",-81.7831674,32.4487876
"714",-95.3698028,29.7604267
"715",-119.2470536,35.7688425
"716",-107.2902839,43.0759678
"717",-105.0166498,39.613321
"718",-104.8202462,41.1399814
"719",-98.1825071,28.4602717
"720",-114.0708459,51.0486151
"721",-85.6811017,42.9851272
"722",-76.8591301,37.9254135
"723",-91.8318334,35.20105
"724",-89.3985283,40.6331249
"725",-78.6568942,37.4315734
"726",-79.6441198,43.5890452
"727",-81.3792365,28.5383355
"728",-121.3282843,38.617127
"729",-97.6983134,30.408106
"730",-117.1610838,32.715738
"731",-71.2662025,41.6771101
"732",-93.0899578,44.9537029
"733",-80.1917902,25.7616798
"734",-81.655651,30.3321838
"735",-82.8963604,42.4974085
"736",-75.6971931,45.4215296
"737",-111.0937311,39.3209801
"738",-93.097702,41.8780025
"739",-80.4549026,38.5976262
"740",-95.8716018,36.103255
"741",-81.8723084,26.640628
"742",-95.712891,37.09024
"743",-93.6319131,42.0307812
"744",-81.5157535,27.6648274
"745",-83.744365,38.6411854
"746",-69.4454689,45.253783
"747",-83.9508068,43.4194699
"748",-75.1652215,39.9525839
"749",-75.7496572,39.6837226
"750",-80.7698066,41.7386662
"751",-88.0934108,42.1969689
"752",-85.3782795,32.6454116
"753",-92.2715157,30.6879749
"754",-84.2829784,33.3870578
"755",-73.9441579,40.6781784
"756",-91.3212426,35.9675725
"757",-90.1994042,38.6270025
"758",-80.7269854,28.3164498
"759",-81.3792365,28.5383355
"760",NA,NA
"761",-90.2408846,38.6606011
"762",-92.6662674,33.20763
"763",-106.4850217,31.7618778
"764",-96.5149979,32.7138476
"765",-91.7715303,37.948544
"766",-101.8551665,33.5778631
"767",-97.0793675,36.6763758
"768",-83.3527097,42.36837
"769",-122.3916754,40.5865396
"770",-79.289749,37.3637534
"771",-122.3320708,47.6062095
"772",-117.1817377,46.7297771
"773",-97.8530686,30.5788055
"774",-81.6187178,34.2745833
"775",-111.9260519,33.4941704
"776",-74.5596879,39.4928235
"777",-97.3635602,32.7095936
"778",-116.3130661,34.134728
"779",-99.7331439,32.4487364
"780",-80.347009,41.0036719
"781",-81.6943605,41.49932
"782",-96.6397822,33.1972465
"783",-96.1513627,32.3345888
"784",-117.3794834,33.1958696
"785",-95.7243335,37.2321077
"786",-81.655651,30.3321838
"787",-106.6700458,52.1332144
"788",-101.8551665,33.5778631
"789",-79.9958864,40.4406248
"790",-122.4192308,37.7107269
"791",-76.9074739,39.0348317
"792",-85.4375574,38.3964426
"793",-70.934205,41.6362152
"794",-81.3792365,28.5383355
"795",-80.1917902,25.7616798
"796",-95.2352501,38.9716689
"797",-86.5804473,35.5174913
"798",-82.5514869,35.5950581
"799",-95.0949303,29.5074538
"800",-85.7466439,39.9975414
"801",-84.3879824,33.7489954
"802",-82.3535495,36.3145746
"803",-76.7074571,37.2707022
"804",-80.1873757,25.8276263
"805",-87.6297982,41.8781136
"806",-92.4890469,34.5959265
"807",-86.5804473,35.5174913
"808",-122.4707839,37.7527187
"809",-73.087749,41.6032207
"810",-90.704279,35.8422967
"811",-97.3238805,27.8772463
"812",-95.9345034,41.2565369
"813",-92.1193012,32.5093109
"814",-97.229298,32.9341893
"815",-119.4179324,36.778261
"816",-123.2620435,44.5645659
"817",-80.8431267,35.2270869
"818",-82.0105148,33.4734978
"819",-97.0403352,32.8998091
"820",-117.6508876,34.0633443
"821",-82.4571776,27.950575
"822",-94.4735485,37.0894298
"823",-83.8674051,33.6190031
"824",-73.9209701,41.7003713
"825",-85.675809,40.2628184
"826",-111.3190411,34.2396585
"827",-73.9417735,40.6872176
"828",-92.0198427,30.2240897
"829",-95.6449536,29.748516
"830",-107.8140452,37.6302699
"831",-70.9410356,42.2180724
"832",-84.2700179,37.8393332
"833",-94.513281,37.0842271
"834",-83.7430378,42.2808256
"835",-80.3449929,25.8096767
"836",-97.4974838,25.9017472
"837",-119.4504029,36.5963395
"838",-98.156574,30.4760499
"839",-96.3344068,30.627977
"840",-99.9018131,31.9685988
"841",-96.6988856,33.0198431
"842",-82.9000751,32.1656221
"843",-81.5407793,28.3188815
"844",-104.8319195,39.7294319
"845",-83.3671432,40.2364486
"846",-93.2173758,30.2265949
"847",-75.7981902,41.3305113
"848",-95.712891,37.09024
"849",-77.2002745,40.2010241
"850",-74.023593,40.2613515
"851",-83.6324022,32.8406946
"852",-82.0173502,37.9737114
"853",-122.2928974,47.1853785
"854",-79.0500466,43.2472768
"855",-84.3879824,33.7489954
"856",-83.9716095,42.0719866
"857",-76.8099041,18.0178743
"858",-95.0877465,39.109724
"859",-95.712891,37.09024
"860",-92.2684617,30.234925
"861",-74.0059728,40.7127753
"862",-93.6249593,41.5868353
"863",-86.3077368,32.3792233
"864",-91.6409721,35.769799
"865",-82.4571776,27.950575
"866",-82.1370889,38.8445251
"867",-73.134961,40.789142
"868",-82.1587351,36.0156735
"869",-76.8099041,18.0178743
"870",-86.9080655,40.4258686
"871",-113.4909267,53.544389
"872",-113.4909267,53.544389
"873",-95.7655183,32.874566
"874",-117.000165,46.7323875
"875",-91.0812465,43.8991321
"876",-80.8431267,35.2270869
"877",-97.1300061,32.0109886
"878",-73.9393554,40.8417082
"879",-79.0192997,35.7595731
"880",-74.1502007,40.5795317
"881",-80.365865,26.190096
"882",-79.7919754,36.0726354
"883",-85.8902547,38.9592201
"884",-83.627157,41.556996
"885",-86.9123217,30.4109342
"886",-77.0136839,37.6871635
"887",-95.3698028,29.7604267
"888",-86.902298,32.3182314
"889",-113.5684164,37.0965278
"890",-74.0059728,40.7127753
"891",-82.0967857,33.3140311
"892",-95.9268986,30.0566085
"893",-82.546344,27.2669722
"894",-123.0867536,44.0520691
"895",-118.0370113,34.0333443
"896",-119.2795623,46.3449532
"897",-120.9966033,37.7974273
"898",-82.9000751,32.1656221
"899",-94.1288141,36.1867442
"900",-84.4592701,44.7724906
"901",-101.8312969,35.2219971
"902",-73.790959,42.2528649
"903",-87.6297982,41.8781136
"904",-96.9209135,32.7078751
"905",-74.0059728,40.7127753
"906",-92.3063885,34.7605072
"907",-97.7430608,30.267153
"908",-113.6237394,53.5500151
"909",-90.406785,38.5833862
"910",-73.9968051,40.9406541
"911",-77.9516987,39.004686
"912",-76.7268968,42.0161851
"913",-81.5215093,40.7967244
"914",NA,NA
"915",-88.0398912,30.6953657
"916",-75.1068388,40.1742757
"917",-78.6861145,36.1223683
"918",-86.7828941,33.3393037
"919",-105.084423,40.5852602
"920",-77.6088465,43.1565779
"921",-111.952657,46.832042
"922",-95.2860474,29.5635666
"923",-117.6861023,33.6469437
"924",-97.9413941,29.8832749
"925",-117.8531007,33.7879139
"926",-99.8281104,28.6774795
"927",-85.323214,51.253775
"928",-76.6121893,39.2903848
"929",-95.1146533,29.7760599
"930",-78.8620736,42.4957331
"931",-122.6269768,47.5650067
"932",-110.9747108,32.2226066
"933",-95.7243335,37.2321077
"934",-5.0527125,50.2660471
"935",-86.7816016,36.1626638
"936",-81.1025918,37.3662293
"937",-74.307282,40.4128551
"938",-80.2767327,26.6514503
"939",-117.8311428,33.7174708
"940",-74.3473717,40.6589912
"941",-95.650814,35.9517674
"942",-95.6715121,37.0457815
"943",-122.6727305,45.6272259
"944",-86.1180435,39.978371
"945",-122.8000917,45.0678986
"946",-87.2390447,41.4255832
"947",-119.4179324,36.778261
"948",-84.0167423,33.9190653
"949",-80.1917902,25.7616798
"950",-120.7401385,47.7510741
"951",-104.6962127,40.4054763
"952",-103.3496092,20.6596988
"953",-98.4842465,39.011902
"954",-85.7694226,39.785043
"955",-97.7483312,28.4008319
"956",-118.7797571,34.0259216
"957",-86.6170308,30.4200708
"958",-97.4780954,35.6528323
"959",-100.4370375,31.4637723
"960",-77.5636015,39.1156615
"961",-83.1765333,35.3137111
"962",-95.7404691,37.2241333
"963",-99.9018131,43.9695148
"964",-80.3047846,40.6953437
"965",-120.7401385,47.7510741
"966",-122.8013332,45.4887993
"967",-95.3698028,29.7604267
"968",-77.0368707,38.9071923
"969",-74.2082671,40.1645785
"970",-99.9018131,41.4925374
"971",-97.7430608,30.267153
"972",-106.650422,35.0843859
"973",-122.2416355,37.7652065
"974",-76.8720961,38.7849211
"975",-73.0032605,41.6864821
"976",-97.0819541,32.8370727
"977",-90.0489801,35.1495343
"978",-96.7969879,32.7766642
"979",-73.9612887,41.9209018
"980",-73.567256,45.5016889
"981",-95.3698028,29.7604267
"982",-87.6695529,42.010636
"983",-122.0838511,37.3860517
"984",-82.1823746,41.452819
"985",-119.7871247,36.7377981
"986",-88.0817251,41.525031
"987",-120.1872727,46.3420741
"988",-74.3152408,40.5360104
"989",-82.3940104,34.8526176
"990",-97.7430608,30.267153
"991",-119.5588208,49.9473663
"992",-97.6718832,30.3535562
"993",-110.3625658,46.8796822
"994",-77.4752667,38.7509488
"995",NA,NA
"996",-94.3613474,41.0586002
"997",-98.6783516,27.3067057
"998",-75.1652215,39.9525839
"999",-118.2436849,34.0522342
"1000",-122.4014193,37.4337342
"1001",-89.761545,35.1598391
"1002",-84.2946539,37.7478572
"1003",-73.567256,45.5016889
"1004",-83.1782587,42.1394858
"1005",-72.2895526,43.7022451
"1006",-95.712891,37.09024
"1007",-75.0259637,39.4863773
"1008",-102.552784,23.634501
"1009",-121.8863286,37.3382082
"1010",-73.1964637,44.4778528
"1011",-97.9930588,26.2934048
"1012",-96.7678039,46.8737648
"1013",NA,NA
"1014",-84.6768796,34.0659329
"1015",-92.2895948,34.7464809
"1016",-95.6705944,37.036574
"1017",-122.2711137,37.8043637
"1018",-84.4834922,42.7354149
"1019",-71.2464591,46.7382265
"1020",-74.3459517,40.6506257
"1021",-81.0228331,29.2108147
"1022",-80.1917902,25.7616798
"1023",-117.8265049,33.6845673
"1024",-118.3407229,34.1438404
"1025",-118.1445155,34.1477849
"1026",-97.1383744,49.895136
"1027",-89.3985283,32.3546679
"1028",-87.5900134,37.8361538
"1029",-73.567256,45.5016889
"1030",-74.6400432,40.5292099
"1031",-76.727745,39.9625984
"1032",-82.1806697,35.6290093
"1033",-85.3863599,40.1933767
"1034",-122.2913078,37.8271784
"1035",-72.2517569,43.6422934
"1036",-98.4842465,39.011902
"1037",-73.7948516,40.7282239
"1038",-98.4936282,29.4241219
"1039",-0.1277583,51.5073509
"1040",-98.4936282,29.4241219
"1041",-88.314761,36.6103334
"1042",-122.0326191,47.5301011
"1043",-97.7225121,30.4133598
"1044",-90.5776367,41.5236437
"1045",-94.4110239,30.1402122
"1046",-107.2902839,43.0759678
"1047",-121.6555013,36.6777372
"1048",-83.8888647,43.5944677
"1049",-80.1247667,26.2378597
"1050",-103.8593697,44.4908172
"1051",-122.0438298,37.5933918
"1052",-124.0631713,44.8084467
"1053",-71.0328284,42.3917638
"1054",-119.7029194,36.8252277
"1055",-86.7816016,36.1626638
"1056",-99.9018131,31.9685988
"1057",-76.4620928,38.2575517
"1058",-77.6088465,43.1565779
"1059",-81.556235,41.5200518
"1060",-71.2356113,42.3764852
"1061",-102.552784,23.634501
"1062",-94.9696749,35.4984281
"1063",-84.3879824,33.7489954
"1064",-73.212072,44.4758825
"1065",-74.4518188,40.4862157
"1066",-73.567256,45.5016889
"1067",-97.4451162,37.6590471
"1068",-95.6806066,37.4173495
"1069",-77.6088465,43.1565779
"1070",-122.4194155,37.7749295
"1071",-84.1916069,39.7589478
"1072",-80.1494901,26.0112014
"1073",-106.6700458,52.1332144
"1074",-73.9805417,40.7634378
"1075",-99.096422,28.9149708
"1076",-95.3698028,29.7604267
"1077",144.793731,13.444304
"1078",-119.4179324,36.778261
"1079",-79.2997573,40.3339589
"1080",-90.1845388,35.1464797
"1081",-83.6874562,43.0125274
"1082",-111.8910474,40.7607793
"1083",-97.396381,27.8005828
"1084",-71.2689461,42.5584218
"1085",-73.5387341,41.0534302
"1086",-73.9841161,40.7317696
"1087",-94.6707917,38.9822282
"1088",-99.9018131,31.9685988
"1089",-78.7440921,42.7675323
"1090",-95.712891,37.09024
"1091",-106.1183576,35.8919694
"1092",-118.081733,33.9022367
"1093",-71.3128285,41.4901024
"1094",-71.0475773,42.3381437
"1095",-106.4508639,52.9399159
"1096",-118.3812562,34.187044
"1097",-73.9874078,40.7659887
"1098",-108.5506486,39.0638705
"1099",-81.438187,28.4572232
"1100",-79.0192997,35.7595731
"1101",-7.6920536,53.1423672
"1102",-78.8783689,42.8864468
"1103",-73.1479068,44.5439375
"1104",-87.9036047,30.6035255
"1105",-111.9426452,33.5311541
"1106",-90.1994042,38.6270025
"1107",-122.2913078,37.8271784
"1108",-74.4056612,40.0583238
"1109",-73.9510647,40.681348
"1110",-122.9381672,46.1381676
"1111",-97.1466695,31.549333
"1112",-94.7976958,29.3013479
"1113",-115.9839147,36.2082943
"1114",-94.1265562,30.080174
"1115",-2.0571868,52.8792745
"1116",-77.39628,25.03428
"1117",NA,NA
"1118",-96.7969879,32.7766642
"1119",-92.1735164,38.5767017
"1120",-96.8899636,32.9756415
"1121",-91.9612305,30.147146
"1122",-73.567256,45.5016889
"1123",-86.158068,39.768403
"1124",-19.020835,64.963051
"1125",-74.3118212,39.9652553
"1126",-104.8319195,39.7294319
"1127",-119.4179324,36.778261
"1128",-90.5487012,30.4290818
"1129",-105.8700901,34.5199402
"1130",-77.0085876,40.2142565
"1131",-80.0734005,34.3740431
"1132",-118.3286614,34.0928092
"1133",-99.9018131,31.9685988
"1134",NA,NA
"1135",-92.2895948,34.7464809
"1136",-122.3320708,47.6062095
"1137",-96.4981467,41.4333909
"1138",-121.2907796,37.9577016
"1139",-110.9747108,32.2226066
"1140",-73.990307,40.7609109
"1141",-86.5861037,34.7303688
"1142",-86.1336033,40.486427
"1143",-75.4007058,39.9868904
"1144",-116.419389,34.9592083
"1145",-118.4451392,49.0300946
"1146",-99.9018131,31.9685988
"1147",-76.7402108,34.6990505
"1148",-73.9464769,40.8115504
"1149",-88.0132958,44.5133188
"1150",NA,NA
"1151",-95.712891,37.09024
"1152",-88.0131275,42.0841936
"1153",-94.3821724,38.9108408
"1154",-95.4568133,37.1077049
"1155",-97.7277959,31.1171194
"1156",-84.3733147,33.9304352
"1157",-96.9209135,32.7078751
"1158",-74.759717,40.2205824
"1159",-92.3340724,38.9517053
"1160",-73.9464769,40.8115504
"1161",-90.5392524,29.6460467
"1162",-83.985,42.43472
"1163",-90.1009108,30.4754702
"1164",-77.979918,44.382419
"1165",-77.0751538,38.8939779
"1166",-86.1349019,40.2671941
"1167",-117.867653,33.7454725
"1168",-92.2670941,34.769536
"1169",-84.4625345,39.0312035
"1170",-86.0066386,34.014264
"1171",-79.1950373,34.6801626
"1172",-74.1502007,40.5795317
"1173",-97.8108488,31.1204769
"1174",-76.985557,42.8679836
"1175",-98.4936282,29.4241219
"1176",-117.1610838,32.715738
"1177",NA,NA
"1178",-96.8236116,33.1506744
"1179",-85.5872286,42.2917069
"1180",-96.6699273,39.1371223
"1181",-93.4168531,36.6333962
"1182",-104.8213634,38.8338816
"1183",-79.3831843,43.653226
"1184",-86.3997167,39.7628227
"1185",-74.022698,41.948949
"1186",-114.9817213,36.0395247
"1187",-95.4560512,30.3118769
"1188",-95.712891,37.09024
"1189",-84.2807329,30.4382559
"1190",-82.4012642,40.0581205
"1191",-97.7430608,30.267153
"1192",-82.7557554,42.8091969
"1193",114.1914981,22.2789101
"1194",-117.6861023,33.6469437
"1195",-111.6526577,32.9557438
"1196",-96.992567,33.456181
"1197",-75.1926937,40.1416782
"1198",-75.7496572,39.6837226
"1199",-93.6249593,41.5868353
"1200",-118.2436849,34.0522342
"1201",-73.9485424,40.744679
"1202",-73.134961,40.789142
"1203",-4.2026458,56.4906712
"1204",-77.4416505,37.3568157
"1205",-118.4694832,33.9850469
"1206",-72.5186855,42.1149784
"1207",-82.5723193,27.5214269
"1208",-80.2644254,43.1393867
"1209",-89.3985283,32.3546679
"1210",-109.2961826,33.0508966
"1211",-83.1338214,42.680588
"1212",-75.1553512,39.9811935
"1213",-78.1552706,36.3984803
"1214",-82.4571776,27.950575
"1215",-70.2568189,43.6590993
"1216",NA,NA
"1217",-83.373339,42.5678534
"1218",-90.1994042,38.6270025
"1219",-3.530875,50.7155591
"1220",-74.0431435,40.7177545
"1221",-75.3878525,39.907793
"1222",-97.4397247,37.7056522
"1223",-75.6971931,45.4215296
"1224",-96.9253004,35.3272928
"1225",-121.2880059,38.7521235
"1226",NA,NA
"1227",-90.0715323,29.9510658
"1228",-77.0368707,38.9071923
"1229",-78.8657912,43.8970929
"1230",-86.39027,35.8456213
"1231",-73.7983898,42.3788592
"1232",-118.8375937,34.1705609
"1233",-74.0059728,40.7127753
"1234",-118.096735,33.9830688
"1235",-76.9369067,42.1372967
"1236",-77.3733139,37.6087561
"1237",-90.0715323,29.9510658
"1238",-95.4171601,30.0799405
"1239",-104.6091409,38.2544472
"1240",-73.9874105,40.7446072
"1241",-114.0708459,51.0486151
"1242",-80.6489628,40.6028419
"1243",-95.712891,37.09024
"1244",-75.977985,36.8529263
"1245",-80.7657804,38.3307714
"1246",-116.419389,34.9592083
"1247",-98.1816957,31.063784
"1248",-75.6971931,45.4215296
"1249",-95.3010624,32.3512601
"1250",-95.8453253,46.8171808
"1251",-90.1994042,38.6270025
"1252",-118.8596804,35.4937274
"1253",-79.5644763,35.278485
"1254",-71.4161671,41.7001009
"1255",-81.378447,40.7989473
"1256",-75.1652215,39.9525839
"1257",-86.0419247,38.8789426
"1258",-81.1606401,36.1459649
"1259",-90.1848103,32.2987573
"1260",-89.4131356,38.8922687
"1261",-78.7811169,35.79154
"1262",-97.1080656,32.735687
"1263",-71.0588801,42.3600825
"1264",-74.0059728,40.7127753
"1265",-119.0187125,35.3732921
"1266",-81.5138602,30.2851533
"1267",-79.7011549,40.3245138
"1268",-117.1610838,32.715738
"1269",-78.8764515,42.8770518
"1270",-86.954437,33.4017766
"1271",-87.5867598,30.2697033
"1272",-111.789027,33.3528264
"1273",-117.9242123,33.8703645
"1274",-78.4766781,38.0293059
"1275",-81.5157535,27.6648274
"1276",-85.754964,38.3981216
"1277",-89.5042876,43.0972174
"1278",-113.5311843,31.3268218
"1279",-81.091203,32.0808989
"1280",-77.973865,38.2426674
"1281",-95.9946482,36.1583952
"1282",-77.2013705,39.1434406
"1283",-83.718231,33.656228
"1284",-78.1288857,36.726532
"1285",NA,NA
"1286",-119.2945199,34.2804923
"1287",-82.5407213,40.4811721
"1288",-117.5931084,34.1063989
"1289",-82.4571776,27.950575
"1290",-104.9388853,39.2587106
"1291",-71.0588801,42.3600825
"1292",-118.0019482,34.1442616
"1293",-80.1756481,33.0185039
"1294",-74.0059728,40.7127753
"1295",-96.283862,31.6271145
"1296",-81.2711546,29.8439828
"1297",-87.5691735,33.2098407
"1298",-90.0715323,29.9510658
"1299",-119.5184564,34.3988838
"1300",-84.4289888,34.4695524
"1301",-81.5138602,30.2851533
"1302",-86.4466599,36.3883809
"1303",-90.6629047,38.582831
"1304",-93.3702186,44.9597376
"1305",-118.0469597,33.8884685
"1306",-82.6402915,27.7676008
"1307",-71.2438622,42.7538211
"1308",-77.8868117,34.2103894
"1309",-102.3676431,31.8456816
"1310",-75.9268747,40.3356483
"1311",-97.8783911,36.3955891
"1312",-91.8318334,37.9642529
"1313",-95.712891,37.09024
"1314",-97.6114237,38.8402805
"1315",-111.6585337,40.2338438
"1316",-95.6349463,29.6196787
"1317",-76.6121893,39.2903848
"1318",-97.2689331,37.5455735
"1319",-78.319747,44.309058
"1320",-91.9623327,30.9842977
"1321",-95.1765978,29.9988306
"1322",-121.6005501,42.0251516
"1323",-95.8555207,32.2048735
"1324",-79.4608204,46.3091152
"1325",-77.5877652,38.1979096
"1326",-115.1175013,36.1988592
"1327",-80.5378494,41.2111676
"1328",-81.0348144,34.0007104
"1329",-96.8038063,32.7922852
"1330",-80.4925337,43.4516395
"1331",-75.5993692,38.3606736
"1332",-85.6023643,44.3148443
"1333",-117.7262981,33.5684605
"1334",-69.7794897,44.3106241
"1335",-96.9253004,35.3272928
"1336",-71.0735476,41.5700183
"1337",-78.6820946,35.7846633
"1338",-81.1881557,37.7781702
"1339",-94.0082547,36.0014682
"1340",-83.7430378,42.2808256
"1341",-75.2479061,40.7291847
"1342",-94.6858998,46.729553
"1343",-92.4801989,44.0121221
"1344",-82.8479074,38.6177995
"1345",24.96676,45.943161
"1346",-121.4943996,38.5815719
"1347",-80.993029,46.4917317
"1348",-118.3286614,34.0928092
"1349",-78.951451,38.4852928
"1350",-66.58973,6.42375
"1351",-74.0065258,40.2120575
"1352",-104.7091322,40.4233142
"1353",-105.2753778,40.020074
"1354",-76.4921829,38.9784453
"1355",-74.0059728,40.7127753
"1356",-83.8888138,36.8664765
"1357",-117.2425355,33.2000368
"1358",-90.0715323,29.9510658
"1359",NA,NA
"1360",-111.9036082,40.7652372
"1361",-82.9000751,32.1656221
"1362",-121.052198,39.23463
"1363",-77.8877304,34.4350957
"1364",-97.1466695,31.549333
"1365",-95.9345034,41.2565369
"1366",-89.6501481,39.7817213
"1367",-92.0198427,30.2240897
"1368",-101.950992,32.7376001
"1369",-84.5120196,39.1031182
"1370",-87.3952109,46.5374764
"1371",-76.6121893,39.2903848
"1372",-94.5812997,39.0981947
"1373",-105.084423,40.5852602
"1374",-81.9934581,37.8487147
"1375",-91.8318334,35.20105
"1376",-80.1373174,26.1224386
"1377",-86.8103567,33.5185892
"1378",-1.304734,50.6938479
"1379",-79.4628248,34.7740494
"1380",-95.712891,37.09024
"1381",-71.4304062,41.7245271
"1382",-80.1917902,25.7616798
"1383",-84.2696449,36.0103561
"1384",-94.5785667,39.0997265
"1385",-70.9467133,42.2459331
"1386",-87.6087638,41.8054641
"1387",-95.9359977,36.7435531
"1388",-84.3779515,34.3372664
"1389",-84.2696449,36.0103561
"1390",-85.969951,31.8087678
"1391",NA,NA
"1392",-93.2009998,44.9374831
"1393",-95.9576542,36.0772404
"1394",-78.8783585,35.0526641
"1395",-83.1140771,40.0992294
"1396",-91.2519017,43.8137751
"1397",-87.0308412,35.1998023
"1398",-75.266289,40.1523309
"1399",-95.992775,36.1539816
"1400",-79.6876659,43.467517
"1401",-76.8502488,40.0017634
"1402",-81.2362107,33.9815369
"1403",-93.7782689,38.3686324
"1404",-87.5691735,33.2098407
"1405",-80.3582261,27.2730492
"1406",-80.973977,34.2143159
"1407",-73.4887288,43.2506139
"1408",-89.1073356,43.542207
"1409",-85.8902547,38.9592201
"1410",-81.2362107,33.9815369
"1411",-78.6568942,37.4315734
"1412",-92.3425775,42.492786
"1413",-115.8018432,37.2371623
"1414",-71.1337112,42.3539038
"1415",-75.1652215,39.9525839
"1416",-117.9189742,33.8120918
"1417",-72.0995209,41.3556539
"1418",-87.9033261,30.5229719
"1419",-82.7637127,28.0780718
"1420",-95.7070877,37.2292056
"1421",-85.6023643,44.3148443
"1422",-90.7195348,29.5957696
"1423",-77.4108201,39.6237094
"1424",-71.0999719,42.4802469
"1425",-97.0383712,37.0619736
"1426",-121.3137241,37.9989377
"1427",-119.8138027,39.5296329
"1428",-83.1835389,42.5030908
"1429",-92.3542193,34.7486563
"1430",-86.158068,39.768403
"1431",-82.907123,40.4172871
"1432",-114.001928,53.5279314
"1433",-76.1398137,43.0422845
"1434",-75.3360172,41.0189803
"1435",-80.543845,43.4757989
"1436",-81.3792365,28.5383355
"1437",-76.2874927,36.7682088
"1438",-118.3703703,33.9877762
"1439",-118.3089661,34.1808392
"1440",-88.3514596,41.6828074
"1441",-3.74922,40.463667
"1442",-80.1917902,25.7616798
"1443",-79.5422461,36.105691
"1444",-95.2352501,38.9716689
"1445",-82.7812526,34.7242749
"1446",-74.1004185,40.3042773
"1447",-96.8291685,32.96179
"1448",-93.6001278,41.7317884
"1449",-73.4081575,41.117744
"1450",-7.6920536,53.1423672
"1451",-84.3879824,33.7489954
"1452",-77.2716505,38.7934466
"1453",-73.2006639,41.2428563
"1454",-92.4412674,34.6295373
"1455",-96.7898034,46.8771863
"1456",-95.3698028,29.7604267
"1457",-116.553465,48.276577
"1458",-71.467566,42.7653662
"1459",-80.6495194,41.0997803
"1460",-79.2508558,42.8865204
"1461",-72.6733723,41.7658043
"1462",-97.1341783,32.9412363
"1463",-83.1823789,33.5756831
"1464",-88.3067614,43.1466739
"1465",-73.5594128,40.6546145
"1466",-77.0368707,38.9071923
"1467",-96.6088805,33.6356618
"1468",NA,NA
"1469",-87.220312,37.697793
"1470",-94.7696708,36.2667502
"1471",-85.7584557,38.2526647
"1472",-82.8484373,27.862801
"1473",-74.2179326,43.2994285
"1474",NA,NA
"1475",-101.2922906,48.2329668
"1476",-83.373339,42.5678534
"1477",-75.0376707,39.8915022
"1478",-87.70253,34.7312005
"1479",-81.0739825,33.9934867
"1480",-98.1561192,29.1335781
"1481",-79.9310512,32.7764749
"1482",-69.4454689,45.253783
"1483",-98.5556199,39.8097343
"1484",-114.7420408,44.0682019
"1485",-106.346771,56.130366
"1486",-77.1527578,39.0839973
"1487",-104.8213634,38.8338816
"1488",-73.134961,40.789142
"1489",-82.5154471,40.75839
"1490",-81.6267904,41.3197763
"1491",NA,NA
"1492",-92.2670941,34.769536
"1493",-73.4881809,40.6659344
"1494",-73.9036487,40.7512123
"1495",-73.5491361,52.9399159
"1496",-79.0192997,35.7595731
"1497",-86.3628873,35.8494171
"1498",-78.4727976,42.5300624
"1499",-84.8358211,42.5636478
"1500",-82.6402915,27.7676008
"1501",-84.5555347,42.732535
"1502",-80.6339638,40.3697905
"1503",-81.9934581,37.8487147
"1504",-92.1040796,46.7207737
"1505",-74.2631635,40.6975898
"1506",-84.5588311,38.2097967
"1507",-81.2186933,35.7065217
"1508",-95.6751576,39.0473451
"1509",-82.5306527,27.3364347
"1510",-79.3950228,36.5859718
"1511",-73.9874105,40.7446072
"1512",-104.7613633,39.5186002
"1513",-74.3984834,40.391774
"1514",-94.487099,36.518802
"1515",-70.9264393,43.1339545
"1516",-84.5120196,39.1031182
"1517",-81.2452768,42.9849233
"1518",-79.0192997,35.7595731
"1519",-76.999525,38.8860434
"1520",-79.7990319,43.3255196
"1521",-98.4936282,29.4241219
"1522",-79.508276,43.8372079
"1523",-73.134961,40.789142
"1524",-96.0877349,30.3879845
"1525",-94.5785667,39.0997265
"1526",-95.712891,37.09024
"1527",-83.1140771,40.0992294
"1528",-118.430206,34.002975
"1529",-81.1637245,33.836081
"1530",-73.3035651,41.4141172
"1531",-86.5804473,35.5174913
"1532",-84.0968761,36.9486986
"1533",-89.0389956,42.3472406
"1534",-2.0784138,55.2082542
"1535",-87.6230265,41.8165421
"1536",-81.3578859,41.1536674
"1537",-76.2858726,36.8507689
"1538",-90.33845,38.5236642
"1539",-84.3475876,46.4977115
"1540",-92.0031955,34.2284312
"1541",-83.3088167,42.0023594
"1542",-70.9475103,42.7595355
"1543",21.824312,39.074208
"1544",-94.7691586,39.0986811
"1545",-68.4408805,46.42166
"1546",-83.985,42.43472
"1547",-80.0394977,40.3275697
"1548",25.7481511,61.92411
"1549",-90.1994042,38.6270025
"1550",-2.6103158,53.2326344
"1551",-70.2962408,41.6687897
"1552",-76.6585978,39.2369282
"1553",-82.9824019,39.3331197
"1554",-73.706935,42.7140506
"1555",-90.1994042,38.6270025
"1556",-82.907123,40.4172871
"1557",-72.6624209,42.3471357
"1558",-97.6663529,30.1974711
"1559",-88.2433829,40.1164204
"1560",-95.3698028,29.7604267
"1561",-122.0399663,38.2493581
"1562",-78.8783585,35.0526641
"1563",-84.1051939,33.7123305
"1564",-80.1300455,25.790654
"1565",-120.5542012,43.8041334
"1566",-122.3870616,37.7519943
"1567",-120.30944,38.2775
"1568",-122.2758008,37.5202145
"1569",-95.2773601,29.6453103
"1570",-96.3699632,30.6743643
"1571",-90.822871,29.7957633
"1572",-106.4850217,31.7618778
"1573",-90.7195348,29.5957696
"1574",-71.1097335,42.3736158
"1575",-73.8648268,40.8447819
"1576",-82.7116821,41.4561754
"1577",-98.4936282,29.4241219
"1578",-124.0534505,44.6367836
"1579",-95.3698028,29.7604267
"1580",NA,NA
"1581",-86.7072102,33.5381601
"1582",-111.8389726,40.5649781
"1583",-73.9170604,40.6957755
"1584",-90.1994042,38.6270025
"1585",-77.0441143,35.108493
"1586",-75.757439,39.8314987
"1587",-75.1370254,40.0812601
"1588",-71.5723953,43.1938516
"1589",-75.232664,43.100903
"1590",-83.0457538,42.331427
"1591",133.775136,-25.274398
"1592",-85.6602058,30.1588129
"1593",-117.1610838,32.715738
"1594",-123.3283925,42.4390069
"1595",NA,NA
"1596",-94.6396714,37.0758952
"1597",-99.3267702,38.8791783
"1598",-112.3679279,33.6292337
"1599",-95.8608333,41.2619444
"1600",-121.953293,36.9752283
"1601",-88.3200715,41.7605849
"1602",-94.969956,35.91537
"1603",-74.0059728,40.7127753
"1604",-114.0708459,51.0486151
"1605",-73.9815337,40.7264773
"1606",-86.4808043,36.9685219
"1607",-87.657584,44.0886059
"1608",-81.3444573,35.7344538
"1609",-123.0262077,44.9901194
"1610",-117.435048,34.0922335
"1611",-121.3721745,38.6857362
"1612",-88.4153847,44.2619309
"1613",-70.2529192,43.6561122
"1614",-97.330053,37.6871761
"1615",-122.6587185,45.5122308
"1616",-71.0119948,42.4084302
"1617",-91.5301683,41.6611277
"1618",-82.3248262,29.6516344
"1619",-82.5436722,27.763383
"1620",-122.4442906,47.2528768
"1621",-122.121512,47.6739881
"1622",-97.092877,35.0077519
"1623",-76.8099041,18.0178743
"1624",-84.5702338,40.5489358
"1625",-98.8719843,30.2752011
"1626",-122.169719,37.4274745
"1627",-81.2223195,37.2698395
"1628",-80.8081413,35.5859146
"1629",-91.7336846,35.2468204
"1630",-81.6894072,37.9220427
"1631",-76.166777,43.021279
"1632",-74.0266767,40.7353449
"1633",-90.0489801,35.1495343
"1634",-86.8688899,35.9250637
"1635",-118.6614809,34.1367208
"1636",-79.663757,44.65529
"1637",-95.7974526,36.060949
"1638",-97.1140983,31.5473786
"1639",-78.898619,35.9940329
"1640",-94.6130121,39.1775031
"1641",-74.0059728,40.7127753
"1642",-78.1327881,42.740061
"1643",-96.728333,43.5473028
"1644",-95.4318847,29.16941
"1645",-93.7593841,41.5638902
"1646",-121.9166215,36.6177374
"1647",-122.2813224,48.0652566
"1648",-77.8599084,40.7982133
"1649",-95.8377297,29.3994101
"1650",-84.2963123,33.7748275
"1651",-98.3959291,34.6035669
"1652",-97.1383744,49.895136
"1653",-75.1118422,39.7028923
"1654",-82.1015369,41.48754
"1655",-84.2700179,37.8393332
"1656",-82.9987942,39.9611755
"1657",-97.7430608,30.267153
"1658",-86.7816016,36.1626638
"1659",-71.3700545,41.8137116
"1660",-78.6568942,37.4315734
"1661",-73.087749,41.6032207
"1662",-110.3127531,24.1426408
"1663",-99.9018131,31.9685988
"1664",-73.134961,40.789142
"1665",-79.4196783,44.6082465
"1666",-86.1058048,33.4359416
"1667",-95.712891,37.09024
"1668",-78.996171,33.819091
"1669",-84.4120101,33.7859903
"1670",-73.9868938,40.7477385
"1671",-94.8191285,38.8813958
"1672",-76.6585074,39.4900013
"1673",-87.563134,37.8663474
"1674",-71.9786626,41.4615182
"1675",-79.0716958,38.149576
"1676",-82.5306527,27.3364347
"1677",-100.4995214,28.7091433
"1678",-95.9360061,36.8115481
"1679",-120.0153009,36.8079699
"1680",-86.1066526,39.6136578
"1681",-86.1089301,42.7875235
"1682",-78.6568942,37.4315734
"1683",-95.9877339,30.0932737
"1684",-77.0368707,38.9071923
"1685",-92.4451371,31.3112936
"1686",-79.9119946,40.3939581
"1687",-122.6587185,45.5122308
"1688",-74.2179326,43.2994285
"1689",NA,NA
"1690",-73.134961,40.789142
"1691",-76.4932748,42.2097963
"1692",-123.8052935,39.445723
"1693",-122.4194155,37.7749295
"1694",-86.8758256,37.4019918
"1695",-89.9845476,38.6703266
"1696",-118.2436849,34.0522342
"1697",-82.9987942,39.9611755
"1698",-87.7228384,42.0722513
"1699",NA,NA
"1700",-83.9704593,35.7564719
"1701",-77.0098896,38.9289408
"1702",-113.4909267,53.544389
"1703",-78.0041649,38.0251394
"1704",-99.7861679,29.2096836
"1705",-73.134961,40.789142
"1706",-89.6795084,30.5254692
"1707",-72.6506488,41.5623209
"1708",-95.8808424,41.0111103
"1709",-122.2913078,37.8271784
"1710",-104.8692886,39.7818773
"1711",-93.0862749,31.7607195
"1712",-80.1083075,26.390569
"1713",-91.8523711,36.7281154
"1714",-111.891047,40.760779
"1715",-111.7957645,40.3768954
"1716",38.996815,34.802075
"1717",-104.8205283,39.9852617
"1718",-65.5643972,43.5643397
"1719",-76.5018807,42.4439614
"1720",-73.6790638,40.7075499
"1721",-77.6088465,43.1565779
"1722",-95.4075459,29.6774067
"1723",-77.3063733,38.8462236
"1724",-122.4442906,47.2528768
"1725",-72.5753869,44.2600593
"1726",-98.8719843,30.2752011
"1727",-73.1409429,40.9256538
"1728",-79.9857243,40.4409777
"1729",-81.8538669,41.4057985
"1730",-91.5301683,41.6611277
"1731",-78.6884823,35.7989768
"1732",-89.9839935,38.5200504
"1733",-90.230759,15.783471
"1734",-78.8866943,33.6890603
"1735",-85.1455036,33.7212179
"1736",-73.0001068,40.8175985
"1737",-76.7966215,42.9106219
"1738",-79.5394625,43.8430176
"1739",-118.6523096,34.1602832
"1740",-74.307282,40.4128551
"1741",-117.8265049,33.6845673
"1742",-81.3124341,29.9012437
"1743",-73.814473,42.71581
"1744",-79.1422464,37.4137536
"1745",-112.0740373,33.4483771
"1746",-84.3615555,34.0232431
"1747",-71.0588801,42.3600825
"1748",-93.6340814,34.5567637
"1749",-76.7802528,39.4195499
"1750",-82.8779754,42.5972563
"1751",-79.8711024,43.2557206
"1752",-97.8280543,28.0944558
"1753",-83.5084973,31.4504629
"1754",-97.9413941,29.8832749
"1755",-71.5723953,43.1938516
"1756",-84.597162,36.1047979
"1757",-118.2436849,34.0522342
"1758",-81.0558894,29.2858129
"1759",-96.0013847,36.3684245
"1760",-80.993029,46.4917317
"1761",-102.3501419,31.3973624
"1762",-95.712891,37.09024
"1763",-105.7820674,39.5500507
"1764",-79.9958864,40.4406248
"1765",-121.8746789,37.6624312
"1766",-121.6543901,37.1305012
"1767",-81.6943605,41.49932
"1768",-1.304734,50.6938479
"1769",-95.6162999,37.0347663
"1770",8.227512,46.818188
"1771",-117.8311428,33.7174708
"1772",-81.3081226,28.6988853
"1773",-87.5000412,41.5833688
"1774",-85.0127376,39.4231065
"1775",-84.6313089,45.3974358
"1776",-77.297508,18.109581
"1777",-92.2895948,34.7464809
"1778",-117.7149438,33.5236744
"1779",-73.9612887,41.9209018
"1780",-73.8693043,44.1247154
"1781",-121.2880059,38.7521235
"1782",-74.9927693,39.9969646
"1783",-82.0901088,35.0470617
"1784",-106.6630437,35.2327544
"1785",-99.5075519,27.5035613
"1786",-89.5192484,34.3664951
"1787",-79.436232,44.296296
"1788",-80.6698286,32.4315813
"1789",-80.2251168,36.089874
"1790",-75.1648579,39.9490779
"1791",-95.7243335,37.2321077
"1792",-122.6587185,45.5122308
"1793",-91.6080974,41.739482
"1794",-122.8402122,45.3562638
"1795",NA,NA
"1796",-94.2088172,36.3728538
"1797",-84.9702228,34.7698021
"1798",-73.4540111,41.394817
"1799",-75.5138118,40.0362184
"1800",-83.7492084,41.7640537
"1801",-80.0053176,35.9556923
"1802",-97.3307658,32.7554883
"1803",-117.688944,34.0122346
"1804",-73.6501295,40.7048242
"1805",-122.4194155,37.7749295
"1806",-117.5932727,47.644611
"1807",4.8397677,52.3445309
"1808",-92.4801989,44.0121221
"1809",-80.1494901,26.0112014
"1810",-93.2922989,37.2089572
"1811",-122.7140548,38.440429
"1812",-87.3953713,46.5436199
"1813",-77.1463691,38.782058
"1814",-77.3063733,38.8462236
"1815",-122.1634581,47.7542651
"1816",-93.5040627,32.5326514
"1817",-84.2700179,37.8393332
"1818",-95.712891,37.09024
"1819",-118.1164613,34.5794343
"1820",-104.1843942,42.0624646
"1821",34.851612,31.046051
"1822",-118.4109089,33.8847361
"1823",-80.0403578,39.1523198
"1824",-91.6143224,37.9972645
"1825",-82.1887444,36.5951059
"1826",-123.0350963,44.9428975
"1827",-94.4527294,38.801953
"1828",-74.2401609,40.8298006
"1829",-76.0488458,43.0481962
"1830",-81.3304953,48.4758208
"1831",8.468946,60.472024
"1832",-112.0476423,33.0581063
"1833",NA,NA
"1834",-122.4077498,37.654656
"1835",-80.2262444,43.5328929
"1836",-91.1871466,30.4514677
"1837",-118.1861217,34.0339233
"1838",-117.9859038,35.125801
"1839",-122.0637425,48.015098
"1840",-118.1766294,33.8640647
"1841",-73.9973608,41.9270367
"1842",7.0430401,51.1842138
"1843",-104.8213634,38.8338816
"1844",-112.2373779,33.5805955
"1845",-88.5503639,30.482056
"1846",-79.8342163,42.2156131
"1847",-95.6179019,37.0341738
"1848",-76.2510461,36.2946008
"1849",-96.2696867,29.1966405
"1850",-88.0118473,41.7435073
"1851",-122.1660756,37.424106
"1852",-84.5193754,34.1014873
"1853",-82.9824019,39.3331197
"1854",-86.8122554,36.442468
"1855",-95.3696909,35.7478769
"1856",-84.3879824,33.7489954
"1857",-71.535402,43.204035
"1858",-118.2436849,34.0522342
"1859",19.145136,51.919438
"1860",-105.0866504,39.9205411
"1861",-74.4642861,40.554887
"1862",-93.0275802,44.8759802
"1863",-76.7791365,39.0067768
"1864",-83.0100987,40.1983884
"1865",-79.3106862,43.8655329
"1866",NA,NA
"1867",-97.1466695,31.549333
"1868",-73.9441579,40.6781784
"1869",-120.798546,38.7296252
"1870",-116.419389,34.9592083
"1871",-84.0712997,34.0514898
"1872",-97.396381,27.8005828
"1873",-115.1439503,36.1702799
"1874",-109.7869527,44.2642998
"1875",-122.6587185,45.5122308
"1876",-97.0916692,31.8023831
"1877",-84.2799366,38.9486757
"1878",-86.3994387,39.7042123
"1879",-96.6388833,32.912624
"1880",-95.6164438,37.0328377
"1881",-86.8026123,33.4939473
"1882",-81.6943605,41.49932
"1883",-94.2088172,36.3728538
"1884",-114.0708459,51.0486151
"1885",-81.4023356,40.875891
"1886",-83.0775771,42.3698975
"1887",-87.9789562,41.9633625
"1888",NA,NA
"1889",-74.0254281,40.7737939
"1890",-74.7805192,41.6897493
"1891",-84.2135309,33.9412127
"1892",-95.712891,37.09024
"1893",-92.6238082,44.8613563
"1894",-78.9288242,43.9368383
"1895",-82.3264809,27.8661364
"1896",-85.1733479,34.2532247
"1897",-95.9539139,36.0429739
"1898",-80.138934,26.1603626
"1899",-73.0889973,41.3206523
"1900",-87.8314324,41.2505881
"1901",-113.8112386,52.2681118
"1902",-122.0307963,36.9741171
"1903",-84.5555347,42.732535
"1904",-80.2683571,26.6617635
"1905",-86.8950297,41.7075394
"1906",-122.4857321,47.1342432
"1907",-81.655651,30.3321838
"1908",-85.5872286,42.2917069
"1909",NA,NA
"1910",-77.297508,18.109581
"1911",-83.4326841,38.1839705
"1912",-86.1894275,39.825996
"1913",-77.2828772,45.8982631
"1914",-71.0040013,42.2079017
"1915",-117.8311428,33.7174708
"1916",-87.4743669,41.5803315
"1917",NA,NA
"1918",-75.1527928,40.0999077
"1919",-118.25878,34.03315
"1920",-81.5215093,40.7967244
"1921",-88.703656,32.3643098
"1922",-73.9841161,40.7317696
"1923",-80.2213477,40.5169767
"1924",-82.9318807,40.1266689
"1925",-84.5120196,39.1031182
"1926",-111.758724,40.350129
"1927",-118.3286614,34.0416097
"1928",-89.0122879,36.2022892
"1929",-117.6126004,33.4273521
"1930",-72.8305154,41.8096201
"1931",-76.6412712,39.0457549
"1932",-81.8715019,36.1631817
"1933",-114.7420408,44.0682019
"1934",-79.9310512,32.7764749
"1935",-78.319747,44.309058
"1936",-104.783748,38.8446032
"1937",-79.7625625,34.1954331
"1938",-89.2167501,37.7272727
"1939",-106.0383518,39.4816537
"1940",-88.3200715,41.7605849
"1941",-117.3272615,33.6680772
"1942",-80.1514484,41.6414438
"1943",-57.6604364,53.1355091
"1944",-112.1910031,35.2494566
"1945",-89.7004215,40.3084762
"1946",-2.6103158,53.2326344
"1947",-111.9400054,33.4255104
"1948",-82.1756986,40.0706231
"1949",NA,NA
"1950",-105.5108312,39.9613759
"1951",-83.4148895,36.0153693
"1952",-79.3370188,43.8561002
"1953",-117.1892078,34.2483396
"1954",-75.977985,36.8529263
"1955",-96.4049408,42.4963416
"1956",-71.2092214,42.3370413
"1957",-107.8122852,37.9374939
"1958",-94.8825243,40.3519854
"1959",-95.6715121,37.0457815
"1960",-72.9223431,41.3163244
"1961",-79.8664375,40.3634026
"1962",-87.7852955,41.8866704
"1963",-78.6381787,35.7795897
"1964",-81.9498042,28.0394654
"1965",-118.7616764,34.1533395
"1966",-82.3248262,29.6516344
"1967",-99.9018131,31.9685988
"1968",-97.7365961,30.2677199
"1969",-87.9064736,43.0389025
"1970",-82.5187629,37.4792672
"1971",-120.8384093,35.3072291
"1972",-115.1560309,36.147247
"1973",-122.8238806,38.4021359
"1974",-119.7871247,36.7377981
"1975",-95.8770069,36.2209525
"1976",-75.6054882,39.9606643
"1977",-73.9116433,42.7043568
"1978",-88.2216115,40.0990366
"1979",-90.2338232,38.6354598
"1980",-95.8243956,29.7857853
"1981",-80.3144276,43.3616211
"1982",-79.4922606,39.871742
"1983",-121.6957863,37.931868
"1984",-77.6930602,43.2097837
"1985",-76.1783739,40.0466571
"1986",-93.0899578,44.9537029
"1987",-81.7298519,41.0256101
"1988",-80.2781057,25.8575963
"1989",-101.8551665,33.5778631
"1990",-84.5037164,38.0405837
"1991",-76.6412712,39.0457549
"1992",-117.7853568,33.5427189
"1993",-78.4727976,42.5300624
"1994",-75.6971931,45.4215296
"1995",-75.977985,36.8529263
"1996",-79.9958864,40.4406248
"1997",-79.4402808,43.8828401
"1998",-76.8720961,38.7849211
"1999",-78.8783689,42.8864468
"2000",-74.1781988,40.4464962
"2001",-91.3768479,30.7880721
"2002",-74.649105,40.4699235
"2003",-97.0793675,36.6763758
"2004",-85.323214,51.253775
"2005",-87.626354,41.888938
"2006",-97.1383744,49.895136
"2007",-77.0190228,38.8761083
"2008",-118.3884078,33.8491816
"2009",-79.8030873,35.8179143
"2010",-75.5149128,40.1303822
"2011",-84.3879824,33.7489954
"2012",-91.2562539,43.9632962
"2013",-118.2436849,34.0522342
"2014",-73.567256,45.5016889
"2015",-103.1360403,32.7026116
"2016",-73.1331651,41.1845415
"2017",-75.2479061,40.4107964
"2018",-84.0479643,35.8217479
"2019",-81.581212,28.417663
"2020",-85.323214,51.253775
"2021",-82.0190321,41.3894905
"2022",-87.8708965,41.9558637
"2023",NA,NA
"2024",-78.4727976,42.5300624
"2025",NA,NA
"2026",-87.8445119,42.1711365
"2027",-76.5027395,39.0320554
"2028",-80.44868,41.2333896
"2029",-99.9018131,31.9685988
"2030",-80.5764477,37.1317924
"2031",-90.1009108,30.4754702
"2032",-77.39628,25.03428
"2033",-90.6645718,42.5005583
"2034",-80.2289571,26.3496347
"2035",-79.6441198,43.5890452
"2036",-82.9000751,32.1656221
"2037",-70.8389219,42.9375932
"2038",-96.9531225,35.3113187
"2039",-85.7371847,38.2775702
"2040",-122.8755949,42.3265152
"2041",-79.5394625,43.8430176
"2042",-79.0377388,43.0962143
"2043",-83.611587,39.2022866
"2044",-83.624201,32.6130007
"2045",-87.6297982,41.8781136
"2046",-81.2452768,42.9849233
"2047",-73.9844575,40.7440667
"2048",5.291266,52.132633
"2049",-76.6121893,39.2903848
"2050",-19.020835,64.963051
"2051",-81.9320482,34.9495672
"2052",-94.6689565,38.8950709
"2053",-74.0059728,40.7127753
"2054",-95.8833235,35.9420431
"2055",-79.3831843,43.653226
"2056",-82.8793446,40.0192307
"2057",-75.6624122,41.408969
"2058",-122.2913078,37.8271784
"2059",-73.1709604,44.4669941
"2060",-1.9927105,51.3491996
"2061",-89.7004215,40.3084762
"2062",-73.2612615,41.1408363
"2063",-73.087749,41.6032207
"2064",-71.1286194,41.7695425
"2065",-104.990251,39.7392358
"2066",8.227512,46.818188
"2067",-89.3985283,40.6331249
"2068",-75.1694502,39.9256138
"2069",-82.8001026,27.9658533
"2070",-93.5852004,37.3153257
"2071",-119.0187125,35.3732921
"2072",-70.620363,42.6556505
"2073",-82.3246094,37.6061055
"2074",-98.3702052,29.5784324
"2075",-81.0334826,34.9614597
"2076",-94.9685783,38.9791709
"2077",-122.2913078,37.8271784
"2078",-84.2807329,30.4382559
"2079",-89.8130356,33.7516314
"2080",-74.0059728,40.7127753
"2081",-79.9958864,40.4406248
"2082",-111.6368627,39.2682951
"2083",-77.571382,40.5992395
"2084",-83.400211,42.324204
"2085",-82.9493827,39.3992279
"2086",-98.2022633,32.2206958
"2087",-95.712891,37.09024
"2088",-98.4936282,29.4241219
"2089",-82.9887477,35.4887145
"2090",NA,NA
"2091",-83.0301199,40.1110191
"2092",-96.7969879,32.7766642
"2093",-117.3958797,34.07029
"2094",-121.8391808,36.9637177
"2095",-121.8946761,36.6002378
"2096",-117.0230839,32.7678287
"2097",-118.2397157,34.0615147
"2098",-97.2116782,32.4065312
"2099",-94.4761324,37.0560906
"2100",-106.650422,35.0843859
"2101",-124.099841,43.9826214
"2102",-96.5149979,32.7138476
"2103",-82.1887444,36.5951059
"2104",-73.134961,40.789142
"2105",-122.2609558,47.4739884
"2106",-78.5097228,35.9798734
"2107",-80.0533746,26.7153424
"2108",-92.3340724,38.9517053
"2109",-74.4229266,39.3642834
"2110",-87.6569379,44.0939592
"2111",-82.4571776,27.950575
"2112",-111.7733902,32.9110027
"2113",-97.2547371,32.8579056
"2114",-111.0429339,45.6769979
"2115",-119.0922316,46.2305049
"2116",-83.7802214,42.5294773
"2117",-94.9774274,29.7355047
"2118",-95.712891,37.09024
"2119",-104.5230242,33.3942655
"2120",-86.3977735,39.8433769
"2121",-87.9886438,34.1423235
"2122",-95.8998969,29.6931119
"2123",100.5017651,13.7563309
"2124",-98.4842465,39.011902
"2125",-93.3499489,44.8896866
"2126",-88.6000478,37.0833893
"2127",-79.8953328,40.8611755
"2128",-88.0900762,41.8243831
"2129",-118.320815,34.062032
"2130",-122.6587185,45.5122308
"2131",-117.9389526,34.0686208
"2132",-118.6901774,34.2058492
"2133",-78.6568942,37.4315734
"2134",-97.856109,27.5158689
"2135",-117.7499909,34.055103
"2136",-83.7049498,42.7978061
"2137",-115.1398296,36.1699412
"2138",-93.7202925,32.4541632
"2139",-121.7617125,38.5382322
"2140",-87.9089204,39.0019867
"2141",133.775136,-25.274398
"2142",-99.7331439,32.4487364
"2143",-83.9293952,42.6072552
"2144",-79.8953328,40.8611755
"2145",-114.9817213,36.0395247
"2146",-75.5276699,38.9108325
"2147",-112.1691254,36.0581204
"2148",-123.3417381,43.216505
"2149",-72.6412013,42.3250896
"2150",-85.7077266,32.430237
"2151",-86.0419169,33.9548201
"2152",-77.2652604,38.9012225
"2153",-77.6536125,37.0769043
"2154",NA,NA
"2155",-117.9189742,33.8120918
"2156",-122.3320708,47.6062095
"2157",19.5033041,47.162494
"2158",-76.5710753,39.1073317
"2159",-114.566607,53.4175643
"2160",-83.1346478,42.4605917
"2161",-90.5151342,41.5067003
"2162",-95.9749076,36.7507859
"2163",-79.9958864,40.4406248
"2164",-122.3587307,47.0962112
"2165",-93.2922989,37.2089572
"2166",-105.7820674,39.5500507
"2167",-94.479976,39.3176186
"2168",-83.753428,9.748917
"2169",-85.7702451,38.685614
"2170",-95.8243956,29.7857853
"2171",-82.4138539,28.0587031
"2172",-77.6088465,43.1565779
"2173",-90.0715323,29.9510658
"2174",-111.651302,35.1982836
"2175",-81.3578859,41.1536674
"2176",-86.8103567,33.5185892
"2177",-73.3362298,40.8048207
"2178",-73.9680091,40.7488758
"2179",-74.0059728,40.7127753
"2180",-106.6700458,52.1332144
"2181",-83.5451934,38.7945166
"2182",-98.6618599,29.5015208
"2183",-88.3933796,35.6509029
"2184",-84.763544,43.969752
"2185",-86.5705508,35.1520266
"2186",-82.3246094,37.6061055
"2187",-102.4107493,34.2331373
"2188",-96.9253004,35.3272928
"2189",-95.3696909,35.7478769
"2190",-92.6715308,30.080764
"2191",-89.0187222,42.6827885
"2192",-87.6675292,34.7448112
"2193",-83.6163423,42.9994718
"2194",-95.3698028,29.7604267
"2195",-120.5542012,43.8041334
"2196",-118.4571974,34.3058279
"2197",-90.868986,30.2246409
"2198",-86.8752869,40.4167022
"2199",-71.0723391,42.5039395
"2200",-77.0653565,38.9097057
"2201",-79.0192997,35.7595731
"2202",-74.6829363,39.9720578
"2203",-81.6187178,34.2745833
"2204",-99.9841135,40.8596563
"2205",NA,NA
"2206",-75.3704579,40.6259316
"2207",-84.5613355,39.3995008
"2208",-118.2436849,34.0522342
"2209",-93.2009998,44.9374831
"2210",-74.0131196,40.7118011
"2211",-119.6784697,36.6305058
"2212",-81.0295793,35.5316576
"2213",-84.3879824,33.7489954
"2214",-87.9806265,42.0883603
"2215",-95.4171601,30.0799405
"2216",-94.056035,37.149516
"2217",-97.7430608,30.267153
"2218",-81.1059309,40.9153362
"2219",-108.2186856,36.7280583
"2220",-101.0020119,47.5514926
"2221",-96.5608242,32.7965165
"2222",-121.8995741,37.4323341
"2223",-87.6087638,41.8054641
"2224",-84.1252243,41.3922726
"2225",-84.7721702,37.6456329
"2226",-87.6297982,41.8781136
"2227",-80.5886646,28.0344621
"2228",-90.1892396,29.9023695
"2229",-74.0643065,40.3470543
"2230",-82.2084804,39.7139578
"2231",-93.2890527,30.8463055
"2232",-111.8389726,40.5649781
"2233",-94.655224,36.0603618
"2234",-84.4610394,35.6014636
"2235",-123.1743739,49.2597145
"2236",-73.7981884,41.0189863
"2237",-90.0656311,30.3582506
"2238",-86.324253,44.2444473
"2239",-117.1610838,32.715738
"2240",-122.0363496,37.36883
"2241",-85.8349648,33.6142714
"2242",-74.2179326,43.2994285
"2243",-74.3437467,43.0528506
"2244",-74.6656952,40.9054107
"2245",-84.8013182,32.6315258
"2246",-97.0583681,36.1156071
"2247",-118.3082747,34.2596475
"2248",-77.6088465,43.1565779
"2249",-80.0819879,35.8826369
"2250",-83.7201709,33.9926097
"2251",-81.3614985,41.6289365
"2252",-80.7898089,41.8650534
"2253",-71.8634062,42.3517585
"2254",-111.3080244,45.2617806
"2255",-95.708315,36.4470387
"2256",12.4963655,41.9027835
"2257",-76.4859544,44.2311717
"2258",-117.8369007,33.5973864
"2259",-83.9207392,35.9606384
"2260",-73.567256,45.5016889
"2261",-96.3324817,32.9751204
"2262",-97.9369447,27.9566843
"2263",-77.555772,38.771177
"2264",-84.2132698,39.3708927
"2265",-80.1373174,26.1224386
"2266",-83.9007382,33.8389977
"2267",-75.6415583,45.4432924
"2268",-81.655651,30.3321838
"2269",-73.1183397,41.6062042
"2270",-74.0386271,40.2091219
"2271",-77.0072449,38.8975203
"2272",-92.328842,38.97645
"2273",-95.992775,36.1539816
"2274",-86.01335,39.9567548
"2275",-83.4390843,39.5364511
"2276",-95.1863603,38.775007
"2277",-90.8300269,30.0207933
"2278",-118.2436849,34.0522342
"2279",-76.2874927,36.7682088
"2280",-95.712891,37.09024
"2281",-112.0260538,41.1107771
"2282",-77.6088465,43.1565779
"2283",-82.4571776,27.950575
"2284",-85.6206317,44.7630567
"2285",-76.6121893,39.2903848
"2286",-87.5391418,33.2140233
"2287",-83.9207392,35.9606384
"2288",-117.2712717,32.8328112
"2289",-80.3997748,26.1003654
"2290",-117.9981387,33.8674044
"2291",-113.5082867,37.1305373
"2292",-77.0368707,38.9071923
"2293",-83.1446485,42.4894801
"2294",-79.6903316,44.3893556
"2295",-117.8442962,33.6404952
"2296",-73.087749,41.6032207
"2297",-71.5215024,41.7036711
"2298",-79.994661,40.444812
"2299",-83.2948922,36.2139814
"2300",-80.4549026,38.5976262
"2301",-73.9594438,40.7144279
"2302",-95.8897448,36.1908813
"2303",-73.7695669,42.479526
"2304",-86.902298,32.3182314
"2305",-122.3320708,47.6062095
"2306",-96.7969879,32.7766642
"2307",-114.0708459,51.0486151
"2308",-122.8975952,45.1081752
"2309",-86.5804473,35.5174913
"2310",-73.9464769,40.8115504
"2311",NA,NA
"2312",-76.8844101,40.9645293
"2313",-88.2461183,40.2138865
"2314",-97.678896,30.5082551
"2315",-79.8342163,42.2156131
"2316",-86.3077368,32.3792233
"2317",NA,NA
"2318",-118.8375937,34.1705609
"2319",-75.9179738,42.0986867
"2320",-88.7878678,43.7844397
"2321",-82.5748194,27.4989278
"2322",-117.7197785,34.0966764
"2323",-80.256595,26.1669711
"2324",-75.0246312,39.926813
"2325",-90.4688572,30.5173159
"2326",-84.4681856,33.8799921
"2327",-85.9213796,39.2014404
"2328",-105.8700901,34.5199402
"2329",-74.4173877,40.8652865
"2330",-85.3863599,40.1933767
"2331",-72.5198537,42.3732216
"2332",-98.8138762,53.7608608
"2333",-122.6228367,45.3707677
"2334",-119.0187125,35.3732921
"2335",NA,NA
"2336",-80.0580969,26.7753405
"2337",-91.6656232,41.9778795
"2338",-98.3252932,26.2159066
"2339",-73.9982589,40.7302294
"2340",-117.1825381,34.0555693
"2341",-90.2338232,38.6354598
"2342",-77.2716502,39.1731621
"2343",-83.9704593,35.7564719
"2344",NA,NA
"2345",-121.7568946,36.910231
"2346",-83.0457538,42.331427
"2347",-121.5006754,38.5841616
"2348",-93.7321228,32.5159852
"2349",-73.5594128,40.6546145
"2350",-81.44086,41.5817228
"2351",-106.9253207,38.5458246
"2352",-87.6297982,41.8781136
"2353",-97.4107128,35.463494
"2354",-71.4132827,41.8292499
"2355",-122.6727305,45.6272259
"2356",-123.7674293,39.226347
"2357",-117.4260465,47.6587802
"2358",-95.6010668,33.1384479
"2359",-87.8758939,42.9716437
"2360",-74.913448,38.9315028
"2361",-79.9310512,32.7764749
"2362",-93.8243923,41.7610984
"2363",-117.1092049,34.2077859
"2364",-117.9269481,33.7085616
"2365",-72.900624,41.388144
"2366",-95.712891,37.09024
"2367",-63.588653,-16.290154
"2368",-118.2914872,33.9891116
"2369",-71.0588801,42.3600825
"2370",-95.716216,37.2266829
"2371",-97.0403352,32.8998091
"2372",-94.4155068,39.0911161
"2373",-73.975694,40.8270448
"2374",-84.7328269,45.7794809
"2375",-71.4161671,41.7001009
"2376",-82.4319405,28.3232418
"2377",-117.9188221,33.6412156
"2378",NA,NA
"2379",-85.6023643,44.3148443
"2380",-122.7633036,38.083403
"2381",-77.8600012,40.7933949
"2382",-93.2650108,44.977753
"2383",-93.097702,41.8780025
"2384",-106.346771,56.130366
"2385",-93.1257723,44.7394103
"2386",-93.3741647,44.8709601
"2387",-83.4482529,39.8864493
"2388",-88.7033859,34.2576066
"2389",-82.2542834,34.7370639
"2390",-78.2934468,43.9491784
"2391",-80.9450759,35.0073697
"2392",-95.965205,36.132395
"2393",-89.640658,40.5675388
"2394",-73.2612615,41.1408363
"2395",-81.5157535,27.6648274
"2396",-95.712891,37.09024
"2397",-78.6000336,43.9345347
"2398",-74.0253715,40.7663711
"2399",-93.7782689,38.3686324
"2400",-73.8648268,40.8447819
"2401",-77.1191166,34.6876621
"2402",-78.8269664,34.3221129
"2403",-96.8345439,33.1515505
"2404",-80.1373174,26.1224386
"2405",-121.8374777,39.7284944
"2406",-77.0368707,38.9071923
"2407",-77.3663538,35.612661
"2408",-95.7607832,29.5821811
"2409",-87.1111676,37.7719074
"2410",-94.2333355,36.0148605
"2411",-83.0363633,42.3149367
"2412",-87.9913505,43.0489646
"2413",-80.1070333,33.0473929
"2414",-77.8600012,40.7933949
"2415",-95.9345034,41.2565369
"2416",-96.4719312,32.7481845
"2417",-71.0999358,42.3393661
"2418",-81.339552,41.6661573
"2419",-75.6971931,45.4215296
"2420",-92.8088443,45.056004
"2421",-84.6154897,34.0234337
"2422",-78.8783689,42.8864468
"2423",-98.4422802,35.1592256
"2424",-86.1349019,40.2671941
"2425",-105.0166498,39.613321
"2426",-121.8374777,39.7284944
"2427",-98.2300124,26.2034071
"2428",-0.0807119,51.6522994
"2429",-118.442596,34.0412085
"2430",-81.1917944,44.7316246
"2431",21.824312,39.074208
"2432",-71.1564729,42.4153925
"2433",-90.4406506,31.5790588
"2434",-82.6365536,39.0520169
"2435",-99.9018131,31.9685988
"2436",-119.1420517,36.2960613
"2437",-93.2650108,44.977753
"2438",-118.2436849,34.0522342
"2439",-114.0708459,51.0486151
"2440",-98.2388953,27.7639145
"2441",-96.5727669,33.2859472
"2442",-111.8314724,33.4151843
"2443",-76.8477412,41.0120296
"2444",-94.5812997,39.0981947
"2445",-94.9966005,30.4979813
"2446",-75.1652215,39.9525839
"2447",-86.158068,39.768403
"2448",-73.9441579,40.6781784
"2449",-98.1836216,26.1947962
"2450",-112.0048944,43.5072228
"2451",-118.3126739,34.083369
"2452",-92.9438218,44.8277446
"2453",-75.977985,36.8529263
"2454",-79.0192997,35.7595731
"2455",-79.9748103,32.8546197
"2456",-73.8493661,40.8758372
"2457",-88.041746,42.3444664
"2458",-87.71453,43.7508284
"2459",-117.8311428,33.7174708
"2460",-86.5267292,39.1703509
"2461",-95.9145568,41.1543623
"2462",-101.7068294,27.058676
"2463",-118.442596,34.0412085
"2464",-76.100818,40.138136
"2465",-120.8958242,38.8375215
"2466",-90.822871,29.7957633
"2467",-73.9441579,40.6781784
"2468",-91.4667603,44.7996855
"2469",-88.0398912,30.6953657
"2470",166.647047,19.2823192
"2471",NA,NA
"2472",-75.1623841,39.9490387
"2473",-76.0788292,38.5631744
"2474",-92.1004852,46.7866719
"2475",-72.3009158,40.9378777
"2476",-122.0651819,37.9100783
"2477",-78.3344385,40.6024006
"2478",-117.8265049,33.6845673
"2479",-87.8631362,42.8858503
"2480",-114.4678603,51.1909883
"2481",-111.0937311,34.0489281
"2482",-117.1483648,33.4936391
"2483",-91.9204179,30.0104213
"2484",-96.6783449,34.774531
"2485",-87.4139092,39.4667034
"2486",-79.6441198,43.5890452
"2487",-82.6402915,27.7676008
"2488",-96.994174,33.046233
"2489",-77.4360481,37.5407246
"2490",-90.1112184,38.8803256
"2491",-120.8958242,38.8375215
"2492",-94.1185366,36.3320196
"2493",-79.7624177,43.7315479
"2494",-80.579511,35.4087517
"2495",-83.9879625,33.9562149
"2496",-84.2645382,33.5561144
"2497",-89.0939952,42.2711311
"2498",-76.5104973,43.4553461
"2499",-84.5066044,37.4645267
"2500",-80.8431267,35.2270869
"2501",-71.4161565,42.279286
"2502",-118.9716139,44.1345979
"2503",-74.0016136,40.6546286
"2504",-121.9357918,37.7021521
"2505",-94.6858998,46.729553
"2506",-74.511172,40.3025907
"2507",-73.4529124,44.6994873
"2508",-86.9352842,34.4434282
"2509",-77.0283092,38.6676168
"2510",-73.7123408,43.4261809
"2511",-79.3831843,43.653226
"2512",-84.5499327,33.952602
"2513",-80.4234167,37.2283843
"2514",-80.4925337,43.4516395
"2515",-97.0035982,28.8052674
"2516",-97.7786493,34.9147921
"2517",-85.4011619,44.2519526
"2518",-82.9195514,42.5868882
"2519",-77.2405153,38.9085472
"2520",-73.5491361,52.9399159
"2521",-95.8393946,30.5377003
"2522",-82.9987942,39.9611755
"2523",-95.716216,37.2266829
"2524",-117.2653146,32.9594891
"2525",-86.9300023,35.751179
"2526",-77.8577673,38.8648561
"2527",-104.6142973,52.8608387
"2528",-81.0767514,36.9051526
"2529",-99.7448689,48.8391712
"2530",-71.512617,41.8205199
"2531",-74.9060053,38.9351125
"2532",-92.1342921,29.9746502
"2533",-74.0059728,40.7127753
"2534",-96.7298519,32.9483335
"2535",-76.067849,43.0426633
"2536",-122.2348432,47.3809335
"2537",-79.2317521,43.7764258
"2538",-77.568604,37.58192
"2539",-95.6277734,33.1418668
"2540",-98.9792336,32.3881861
"2541",-84.528895,34.038741
"2542",-72.5578678,42.8509152
"2543",-81.5157535,27.6648274
"2544",-89.6962194,41.788642
"2545",-90.7867798,35.224533
"2546",-95.712891,37.09024
"2547",-86.456138,36.9853543
"2548",-92.4801989,44.0121221
"2549",-81.7948103,26.1420358
"2550",-74.0059728,40.7127753
"2551",-76.6121893,39.2903848
"2552",-84.2700179,37.8393332
"2553",-7.6920536,53.1423672
"2554",-86.8103567,33.5185892
"2555",-81.091203,32.0808989
"2556",-80.244216,36.0998596
"2557",-73.6170721,41.3973163
"2558",-98.6686709,33.9514847
"2559",-74.0059728,40.7127753
"2560",-118.3286614,34.0928092
"2561",0.4690888,51.7343313
"2562",-73.6742323,40.7422572
"2563",-75.7085248,41.4886892
"2564",-73.8932108,45.5418051
"2565",-95.6406409,37.0404423
"2566",-84.5120196,39.1031182
"2567",-80.8603868,32.2371465
"2568",-80.1340772,25.7826123
"2569",-75.0760137,38.7209454
"2570",-107.9553721,44.0169014
"2571",-97.5519874,35.4095023
"2572",-118.0353449,34.1397292
"2573",-75.5483909,39.744655
"2574",-86.8094394,33.8142682
"2575",-84.4701886,33.8649112
"2576",-105.8700901,34.5199402
"2577",-80.136906,36.128751
"2578",-117.1858759,34.5008311
"2579",-90.4429881,38.5126456
"2580",-83.0143443,39.0681252
"2581",-122.286865,38.2975381
"2582",-79.3801688,43.6517906
"2583",-82.9987942,39.9611755
"2584",-79.7919754,36.0726354
"2585",NA,NA
"2586",-73.980912,40.7538326
"2587",-119.8609718,34.4133292
"2588",-84.9702228,34.7698021
"2589",-89.6889967,41.7797533
"2590",-107.8140452,37.6302699
"2591",-112.0740373,33.4483771
"2592",-122.6727305,45.6272259
"2593",-87.5961402,41.7893172
"2594",-87.6350317,41.8816112
"2595",NA,NA
"2596",-73.9805417,40.7634378
"2597",-94.8191285,38.8813958
"2598",-94.3694444,45.9805556
"2599",-75.9875219,36.8549412
"2600",-93.2922989,37.2089572
"2601",-92.0490096,30.317144
"2602",-1.1743197,52.3555177
"2603",-112.4506191,42.8621042
"2604",-84.5824329,33.8187167
"2605",-118.1541632,34.6867846
"2606",-118.3812562,34.2279298
"2607",-93.2890527,30.8463055
"2608",-85.1797142,42.3211522
"2609",-122.2566367,38.1040864
"2610",-98.2062727,19.0414398
"2611",-97.4107128,35.463494
"2612",NA,NA
"2613",-79.881715,40.292292
"2614",-124.0543234,46.3523219
"2615",-122.0807964,37.6688205
"2616",-96.0702731,35.7425976
"2617",-104.990251,39.7392358
"2618",-108.5859265,37.3488827
"2619",-97.6597376,31.0835102
"2620",NA,NA
"2621",-94.1332651,36.1667535
"2622",-120.5542012,43.8041334
"2623",-121.8863286,37.3382082
"2624",-97.092877,35.0077519
"2625",-104.8202462,41.1399814
"2626",-113.5502218,53.2580126
"2627",-74.269367,40.2170679
"2628",-75.3399048,40.121497
"2629",-99.133208,19.4326077
"2630",-79.3801688,43.6517906
"2631",-117.8370968,33.6446621
"2632",-121.9708017,38.5249065
"2633",-77.3860976,38.9695545
"2634",-102.2915677,21.8852562
"2635",-75.5243682,39.158168
"2636",-96.4558196,32.6279113
"2637",-98.4933873,33.9137085
"2638",-77.1872036,38.7892801
"2639",-119.4179324,36.778261
"2640",-84.6630165,39.0532746
"2641",-106.3251749,42.8500769
"2642",NA,NA
"2643",-88.0809036,41.9575285
"2644",-116.81904,43.9698864
"2645",-87.2933533,34.4812062
"2646",-96.5024916,33.8531568
"2647",-90.5551258,38.1394978
"2648",-110.9747108,32.2226066
"2649",-118.0275667,34.0686206
"2650",-73.7948516,41.1220194
"2651",-118.2922461,33.7360619
"2652",-76.2858726,36.8507689
"2653",-118.542586,34.3916641
"2654",-97.0644595,32.9546827
"2655",-86.902298,32.3182314
"2656",-71.0095602,42.3656132
"2657",-98.2436625,35.072562
"2658",-93.7501789,32.5251516
"2659",-93.2277285,44.97399
"2660",-86.1905424,36.7533781
"2661",-104.990251,39.7392358
"2662",-94.0476882,33.425125
"2663",-95.3698028,29.7604267
"2664",-88.8139469,35.6145169
"2665",-95.712891,37.09024
"2666",-86.1349019,40.2671941
"2667",-92.4043219,34.8667565
"2668",-86.5263857,39.165325
"2669",-82.3252863,29.6525551
"2670",-95.712891,37.09024
"2671",-74.4049778,40.4316955
"2672",-88.057837,41.5894752
"2673",-97.7231273,30.2622193
"2674",-87.2169149,30.421309
"2675",NA,NA
"2676",-81.9495331,26.5628537
"2677",-83.7507315,42.6315066
"2678",-84.5120196,39.1031182
"2679",-71.5723953,43.1938516
"2680",-84.5155528,39.1101912
"2681",-93.4555093,45.0105194
"2682",-73.0514965,41.5581525
"2683",-95.6116818,36.9873679
"2684",-94.4191177,39.2461138
"2685",-85.538541,30.7818584
"2686",-81.5157535,27.6648274
"2687",-111.0937311,34.0489281
"2688",-104.990251,39.7392358
"2689",-105.8700901,34.5199402
"2690",-80.2456045,25.9420377
"2691",-92.4176324,30.4943669
"2692",-75.5276699,38.9108325
"2693",-90.4611995,30.5043583
"2694",-81.8800861,26.6672935
"2695",-118.2702036,34.0869409
"2696",-81.6326234,38.3498195
"2697",-93.0899578,44.9537029
"2698",-86.902298,32.3182314
"2699",-87.6947414,36.3183879
"2700",NA,NA
"2701",NA,NA
"2702",-73.5491361,52.9399159
"2703",-90.5151342,41.5067003
"2704",-88.8183872,33.4503998
"2705",-77.5816353,35.2626635
"2706",-97.1383744,49.895136
"2707",-69.4454689,45.253783
"2708",-111.9507042,33.8333716
"2709",-77.3783789,39.1289725
"2710",-85.5872286,42.2917069
"2711",-74.0431435,40.7177545
"2712",NA,NA
"2713",-85.1393513,41.079273
"2714",-97.330053,37.6871761
"2715",-84.027655,36.0318578
"2716",-84.9877094,32.4609764
"2717",-116.419389,34.9592083
"2718",-76.5834518,38.5531353
"2719",-82.0430445,29.8314705
"2720",NA,NA
"2721",-95.712891,37.09024
"2722",-86.8103567,33.5185892
"2723",NA,NA
"2724",-95.9347894,36.7530032
"2725",-74.9511079,39.9263825
"2726",-122.1865055,47.1770457
"2727",-106.0186025,33.073973
"2728",-116.2023137,43.6150186
"2729",-93.2720984,30.0307676
"2730",-96.56388,32.9029017
"2731",-87.6297982,41.8781136
